"","mean","se_mean","sd","2.5%","25%","50%","75%","97.5%","n_eff","Rhat","scenario"
"B_s[1,1]",-0.435018455690549,0.000897113227338083,0.177865890880915,-0.781679543144577,-0.554617567588504,-0.43591586692664,-0.315813082473341,-0.0844245729775346,39308.8939166665,0.999919759227588,"accountant-know"
"B_s[1,2]",0.0516195514456103,0.000975672739721108,0.186737983523534,-0.304952810293247,-0.0739059355106891,0.0507132472884725,0.176072107705183,0.418824713933531,36631.6927305147,0.999945117068689,"actor-hate"
"B_s[1,3]",-0.619469622491735,0.000931635186357979,0.180798041406084,-0.976349840275801,-0.740807320813236,-0.618310547065802,-0.497279864843306,-0.264512586945983,37661.3321131108,1.00008826603282,"analyst-notify"
"B_s[1,4]",-0.031225848672819,0.000956877986868399,0.185812435034632,-0.398287748060055,-0.154920437314881,-0.0313580691833324,0.0921011576633722,0.334413811320576,37708.253848422,0.99988683073529,"assistant-wish"
"B_s[1,5]",1.51806402211472,0.000873578203772995,0.179548870604204,1.17152083547538,1.39655046039903,1.51712972575646,1.63739745012823,1.87415102086293,42243.6831094253,0.99994112947379,"baker-know"
"B_s[1,6]",1.15041173370224,0.000888490847275709,0.186148781843243,0.787640987055,1.02503285155405,1.14951227603992,1.27687325755995,1.51631745052643,43894.942096108,0.999901709639292,"basketball player-hate"
"B_s[1,7]",-0.00387703238056509,0.000972779364448768,0.190580355776826,-0.37627329175657,-0.131382274844202,-0.00378048822729792,0.123997362835969,0.368226831312812,38381.9970766317,0.999912943293103,"batter-worry"
"B_s[1,8]",1.07895112549679,0.000874601120052132,0.175885121009417,0.735972142398563,0.960290328117462,1.07663833190409,1.19706615846968,1.42646538574456,40442.5140855185,0.999940158707858,"bookkeeper-lie"
"B_s[1,9]",-0.311656827449167,0.000897800249590295,0.176168225561944,-0.655307284331698,-0.430675258379545,-0.311805485783603,-0.193844679966379,0.0358019564861444,38503.1016908747,0.999899294380032,"boss-tell"
"B_s[1,10]",1.70258400189758,0.000809570637473585,0.172344260217653,1.37124070892658,1.58562478159675,1.69964209381427,1.81751734050955,2.04815009250048,45319.4000421249,0.999890735369891,"bouncer-dissuade"
"B_s[1,11]",-0.65273823823642,0.000958231450005925,0.178680079974318,-1.00283143882304,-0.773896532644007,-0.652078861709935,-0.531627849194628,-0.303330332073028,34770.5399596667,0.999940272210251,"bricklayer-complain"
"B_s[1,12]",-0.658490719775628,0.00092495640271544,0.184760545958694,-1.02211985439133,-0.782126280151904,-0.65815031180395,-0.534783656146523,-0.297878897212724,39900.2804070605,0.999888295397665,"businesswoman-boast"
"B_s[1,13]",-1.11735080763745,0.000875544027250805,0.173972359860814,-1.46449648765235,-1.23425430031895,-1.11691382411385,-1.00016321754437,-0.777528101019045,39482.4895962218,0.999885386217163,"chef-love"
"B_s[1,14]",0.100860802983689,0.001035814329643,0.197148840524919,-0.289773119181945,-0.0305102958444668,0.102387640182651,0.233416856308369,0.485453187982283,36226.3538437648,0.99995515507638,"chemist-lie"
"B_s[1,15]",0.74640292705919,0.000913649372883781,0.185263476725421,0.384058007068747,0.62299277084043,0.744936638905642,0.870305267173353,1.11102166974672,41116.912804762,0.999985567981143,"child-apologize"
"B_s[1,16]",-0.310757519909488,0.000910580315249725,0.179239263065582,-0.658827320194193,-0.432481765165091,-0.310338009362083,-0.19061514607429,0.0403765577328303,38746.2596224853,0.999875026246763,"clerk-apologize"
"B_s[1,17]",0.0585916642041151,0.000997722352758692,0.189124206564329,-0.308439240112075,-0.0679505280835787,0.0581375175230506,0.184048547056382,0.429703802732869,35931.4574777942,0.999944333732122,"climber-like"
"B_s[1,18]",-0.473293523364871,0.000898374324347287,0.182143872872159,-0.832767701042682,-0.596057303390855,-0.473667827028579,-0.350236041219634,-0.113562566398776,41106.8757920778,0.999891478707023,"coach-congratulate"
"B_s[1,19]",0.688155869330673,0.000922683441160817,0.186159596664478,0.325843149394911,0.561729256925859,0.687305988333095,0.813316268097461,1.05754922262768,40706.6539599707,0.999939895448603,"concierge-convince"
"B_s[1,20]",0.395101775646491,0.000935512315400107,0.18423815944872,0.0363144848223729,0.269972995318452,0.39479163484345,0.518797956037721,0.759354243862379,38784.6748184536,0.999989481573272,"conductor-congratulate"
"B_s[1,21]",0.288727172566516,0.000956879980616991,0.187903620726608,-0.0780134544977807,0.161601989286495,0.287411631825108,0.416302446415766,0.660440509945535,38561.6279452284,0.999903457106625,"congresswoman-regret"
"B_s[1,22]",0.0939265753181891,0.000930758275204674,0.182546255105963,-0.26872776491673,-0.0279506143673428,0.095060598359716,0.215818915050516,0.452036686211927,38465.5585902564,0.999903252409301,"contractor-mislead"
"B_s[1,23]",-0.0735916488833272,0.000997144989063422,0.189142271197752,-0.442427594146481,-0.198678765433004,-0.0742632707744472,0.0527487662337104,0.300228085475079,35979.9517898257,0.99989650335432,"coroner-persuade"
"B_s[1,24]",0.844499326172559,0.000942192835839411,0.18527065478189,0.483469697371458,0.718410146495625,0.843036509273063,0.96698981297251,1.21811068714475,38666.3944887651,1.00007996668519,"curator-like"
"B_s[1,25]",-0.945312053692348,0.000911630608398993,0.186477626522072,-1.31431933341861,-1.06997752803651,-0.946554875214493,-0.819838492178819,-0.584244993302395,41842.3115645007,0.999967326585779,"cyclist-think"
"B_s[1,26]",0.156043211719366,0.000934523477010524,0.185582671851328,-0.203407935671305,0.0311841393467206,0.156624520102817,0.281455924663304,0.51887318397924,39436.1412711623,1.00000202072493,"dancer-boast"
"B_s[1,27]",-0.355640820096552,0.000933383399013579,0.181392574685853,-0.708463064235082,-0.477909854330071,-0.355911050778431,-0.23431997996137,0.00164937494868154,37767.5546031647,0.999881546085212,"daughter-convince"
"B_s[1,28]",0.669813766443243,0.000954580817541521,0.189394162739998,0.299173824964201,0.543039154192128,0.668986741714659,0.793372973155452,1.04596625011513,39364.7749977062,1.00006171924191,"defendant-hope"
"B_s[1,29]",-0.525474960505713,0.000912773849064902,0.175895940865557,-0.869954678708607,-0.643127839212695,-0.525351344644911,-0.407376003341789,-0.178983728570952,37135.1563412691,0.999857305314379,"deliveryman-regret"
"B_s[1,30]",1.02004043447919,0.000956393378604828,0.188056371965328,0.654982612127656,0.893612239730249,1.01789048625741,1.14591876269063,1.38999924226628,38663.6619753763,0.999905134914643,"detective-disprove"
"B_s[1,31]",-1.03108644565337,0.000893179091173556,0.176246497566163,-1.37813553724086,-1.15047639616111,-1.02935240638747,-0.91091888246239,-0.685779207582012,38937.1261980343,0.999909879734833,"director-congratulate"
"B_s[1,32]",-0.904481540411685,0.000886893589275694,0.178354989990492,-1.25813304783874,-1.02570976880464,-0.90313430694691,-0.784909116043548,-0.55745573225013,40441.5225421254,0.99987682602203,"dishwasher-complain"
"B_s[1,33]",-0.570013928894131,0.00100392399085408,0.185516596446527,-0.935656774974862,-0.693944112331402,-0.570453211770913,-0.444252534115297,-0.205559271693817,34147.8897439151,1.0000842440552,"diver-fear"
"B_s[1,34]",0.136159136178926,0.000974812668414266,0.187844451912408,-0.233493070373286,0.0102480313551234,0.134584911837225,0.263231532386389,0.508159232079384,37132.5193361731,0.999886310853867,"doctor-think"
"B_s[1,35]",0.231302018522731,0.000927528116363519,0.184911137600109,-0.134486956297535,0.106816337017988,0.231530094987041,0.354291300363704,0.598585613022698,39744.0366088172,1.00003915214396,"driver-regret"
"B_s[1,36]",-0.412937495966099,0.00101842402830441,0.192526754380499,-0.79006941249748,-0.540260824273759,-0.413210286156072,-0.283642193696206,-0.0337023370650512,35737.5605676543,0.999947136104674,"economist-mislead"
"B_s[1,37]",0.660107854482487,0.000979545145792757,0.187357316562613,0.297548616326125,0.533835136101936,0.660350605719198,0.787241729263602,1.02347022587136,36584.1021958187,0.999926703370667,"electrician-disprove"
"B_s[1,38]",0.611513197860192,0.000949884392349467,0.181742444779323,0.26227290708666,0.488030463807378,0.609786701483617,0.732153268449798,0.971276744756338,36607.5975290303,0.999955687098116,"engineer-persuade"
"B_s[1,39]",0.600010040363054,0.000944988609429631,0.193661327118139,0.222448628479371,0.470674354375243,0.599548478589073,0.728204243215232,0.981956411042306,41998.3917186668,0.999932043844315,"executive-know"
"B_s[1,40]",0.61927169792142,0.000954919764814217,0.195003384011572,0.242041498299989,0.486914023944891,0.61954838798902,0.748648803477114,1.006199249231,41701.3899973819,0.999883915254774,"farmer-persuade"
"B_s[1,41]",-0.116953970644172,0.000975439648090615,0.190660563726371,-0.48994251085394,-0.245956624725375,-0.117829975721663,0.0137597294080406,0.253817446469314,38205.0645077098,0.999876821784915,"filmmaker-lie"
"B_s[1,42]",0.651056956271207,0.000958915420108548,0.189056536156694,0.285290829065719,0.52349706132741,0.649552305764449,0.776309855450499,1.02648763873124,38870.7381811048,0.999957815778779,"fire fighter-boast"
"B_s[1,43]",-0.189706782616377,0.000948961476441227,0.188762651192936,-0.562338111954882,-0.316981896106353,-0.189801340456749,-0.0623742360221795,0.185877387891768,39567.1684659415,0.999952625707251,"fisherman-love"
"B_s[1,44]",0.380080879855987,0.00107467415579088,0.195849809456065,-0.00156531102002416,0.24843188525815,0.38070786144486,0.512337384628702,0.766869403994943,33211.8216369519,1.00002612282486,"gambler-like"
"B_s[1,45]",-0.244269219134019,0.000910639005579967,0.181398522031071,-0.598084949634869,-0.364416358501156,-0.244938566938629,-0.124855285748457,0.120413377645021,39680.3040568596,0.999877124609918,"gardener-remember"
"B_s[1,46]",0.697237269334056,0.000948101907914319,0.191046811519726,0.32416938486705,0.56727436055434,0.696675310881122,0.825112351901272,1.07545315145084,40604.0680329577,0.99989936158481,"guitarist-worry"
"B_s[1,47]",-0.178414426903062,0.000922870673936476,0.179602840978427,-0.528315788658632,-0.299517533306741,-0.178617488247359,-0.0581357375309711,0.174782204485474,37874.3085535383,1.00011315088879,"hacker-boast"
"B_s[1,48]",-0.344154993858864,0.00100145721970281,0.180261659823159,-0.694081024559894,-0.465783848806701,-0.34591691848039,-0.22299693331578,0.0157736960407011,32399.770035113,1.00002166578746,"hiker-remember"
"B_s[1,49]",-1.09702081616965,0.000826533037223582,0.168706374478633,-1.43202142244106,-1.20995730095959,-1.09721441458444,-0.983041575192073,-0.763412161166865,41662.2336517957,0.999907028652119,"homeowner-hate"
"B_s[1,50]",1.04095536589101,0.000929630922698668,0.187108709628964,0.681421630719872,0.913689655253428,1.03886744192752,1.1661453149032,1.41485503621134,40510.4329470712,0.999922939523501,"inspector-convince"
"B_s[1,51]",0.153562075025019,0.00096522643746233,0.193604592416854,-0.225285211497245,0.0236433831926263,0.152347501851363,0.283124852923786,0.538413184804941,40232.1176180896,0.999965478216451,"jeweler-remember"
"B_s[1,52]",-0.468624469533176,0.000945517287754275,0.181869469397597,-0.825136536700552,-0.591563773257271,-0.467766216022488,-0.344851016303481,-0.116105910476865,36998.2047772735,0.999950371110726,"journalist-worry"
"B_s[1,53]",-0.527609399177441,0.000910186615393758,0.186656714554328,-0.891531689807089,-0.65309576833768,-0.527579293666371,-0.403707961708958,-0.155615312728769,42055.8432270436,0.999997544626326,"landlord-hope"
"B_s[1,54]",0.0220990724350749,0.000961709997724788,0.188100711906802,-0.347032719528744,-0.103852928152162,0.0216825035897634,0.148369537769554,0.397438429050233,38255.3884908678,0.99987297735059,"lawyer-disprove"
"B_s[1,55]",1.51442731974519,0.000899734920284941,0.17975251131765,1.17109102408943,1.39219294222803,1.51237620822012,1.63404501688929,1.87370580707501,39913.5889251683,1.00002682905156,"liquor store owner-tell"
"B_s[1,56]",0.245299997902917,0.000998031484393313,0.191697237301363,-0.128826787663233,0.117031992351445,0.244374847185482,0.373232797236945,0.621231795024619,36892.936469298,1.00010098396705,"literary agent-mislead"
"B_s[1,57]",0.507203295363516,0.000956629734433864,0.187394221960094,0.14272679919466,0.381267953720091,0.505036185704026,0.633282678066775,0.878506833124965,38372.9016348923,0.999929992405452,"little girl-fear"
"B_s[1,58]",0.210568054204651,0.000937202997380187,0.187763670820282,-0.15811946404516,0.0848785785799796,0.20984695811702,0.336857901810004,0.579071632952314,40138.0062876177,0.999874448121188,"mechanic-notify"
"B_s[1,59]",0.38109562444162,0.000991890757355142,0.197515344768452,-0.00242205717692739,0.24633700320017,0.380984129155225,0.513897589841597,0.770835889406452,39652.8124121436,0.999944156098519,"model-complain"
"B_s[1,60]",0.334937644393541,0.000962996325787332,0.190592980282863,-0.0352773412983061,0.206271023491718,0.333401246665199,0.464429502913366,0.708928335602014,39170.989463092,0.99990119707489,"moderator-congratulate"
"B_s[1,61]",-0.257612387948903,0.00091394538535795,0.182157741073396,-0.620555827955651,-0.378377038941263,-0.255632796031161,-0.134266705386087,0.0929336674229649,39724.1648259519,0.999937380755015,"mother-lie"
"B_s[1,62]",0.365025340025207,0.00100536024562865,0.190691580712317,-0.00788710007102961,0.23594008140027,0.364631923478182,0.494883574702777,0.739704486861954,35976.5588827124,0.999982387192359,"mother-remember"
"B_s[1,63]",-0.515944841718874,0.000952985796858023,0.182595396923943,-0.879928326713091,-0.638454082926138,-0.516134714605369,-0.392234279684186,-0.162425766381964,36711.8942941778,0.999984661268403,"musician-hope"
"B_s[1,64]",0.618900672367429,0.000958445696850179,0.183543907953966,0.262005002111425,0.495132086105328,0.617357448356949,0.741896459171046,0.983616922653751,36672.8721909829,1.0001267759473,"nanny-dissuade"
"B_s[1,65]",-0.140016761254907,0.000963809006266633,0.175568005939058,-0.47901694707134,-0.259301135416377,-0.141347012811867,-0.0217631375666451,0.209509841227043,33182.4762815932,1.00001539721398,"news anchor-notify"
"B_s[1,66]",-0.393822462842378,0.000881562647361979,0.177131788552677,-0.739735178240366,-0.513221724429644,-0.392233881473113,-0.273734121850749,-0.0506179506927853,40372.5940429209,1.00002222720874,"nurse-know"
"B_s[1,67]",0.145564689549984,0.000996747450604131,0.189722701532078,-0.22281009285578,0.0189185302441778,0.14405323086647,0.27173710626223,0.522687563219118,36229.9999253898,0.999906524696582,"painter-think"
"B_s[1,68]",0.0494573171199068,0.000957289655209344,0.183589737892309,-0.310021309761524,-0.0741113870060151,0.0493138424953198,0.170205107299989,0.412284635356941,36779.8600168131,0.999930774387583,"paramedic-hate"
"B_s[1,69]",0.297279448361667,0.000975560977042995,0.192886527493587,-0.0811912285013354,0.165945820155853,0.297392747547375,0.426780596337823,0.680127817641855,39092.6354217232,0.999903900814706,"pharmacist-notify"
"B_s[1,70]",1.50396454890092,0.000846069437741623,0.173801877286354,1.16804707212071,1.38533882591799,1.50251899998844,1.61846512192665,1.85442488926328,42198.49004465,0.999896339315892,"pilot-mislead"
"B_s[1,71]",-0.417327462482061,0.000934049997400338,0.189077140022526,-0.789311908295382,-0.544989407628305,-0.418135945331029,-0.288407779903612,-0.046441858120535,40976.7775365046,0.999998957924792,"politician-wish"
"B_s[1,72]",0.545182887259986,0.000952049895164815,0.190711619857417,0.173957324844948,0.417685020970875,0.542984670991352,0.672515053491496,0.921419160346298,40126.8335831578,0.999969106291576,"priest-love"
"B_s[1,73]",-0.0891029567185151,0.000921640938791004,0.184503923681689,-0.453471839314901,-0.212842945133628,-0.0902644161846027,0.0359385607166637,0.273167230903848,40076.3072420843,0.99996526718254,"professor-think"
"B_s[1,74]",0.702801175032311,0.000913514944189768,0.177577299414711,0.355184399633291,0.585650133521833,0.702540305369454,0.821318116253231,1.05265051507012,37787.1015907609,1.00003512321185,"programmer-doubt"
"B_s[1,75]",0.0530428174641971,0.000907100798392681,0.183677177949564,-0.308434791317565,-0.0718829718141963,0.0542252866976075,0.177641318553944,0.408156222606424,41001.4577744813,0.999851269846497,"publisher-doubt"
"B_s[1,76]",0.15815763862786,0.000974143380293977,0.188256345375475,-0.209238629643332,0.0317270390088191,0.158641701000202,0.282799869105264,0.530136191803228,37346.8071958923,0.999927870184858,"reporter-dissuade"
"B_s[1,77]",-1.08561277611012,0.000898995575520356,0.183325079833345,-1.44884055994099,-1.20858015341785,-1.08407715479024,-0.960436849824474,-0.732533714023036,41584.2293025473,0.999850627662615,"runner-doubt"
"B_s[1,78]",-0.42846082464919,0.000889443930919491,0.17783053127543,-0.777122507660253,-0.547940975769192,-0.429208175420978,-0.308990336404081,-0.0814744002743717,39973.8059397325,0.999933248076728,"sailor-complain"
"B_s[1,79]",0.0133113770987952,0.000947033030554076,0.179064122546578,-0.337947309425944,-0.107486142271391,0.0143988231198396,0.135281870229256,0.360021038433928,35750.893861591,0.999992303480129,"salesman-wish"
"B_s[1,80]",-0.488745750433557,0.000961998548034496,0.189606032808287,-0.861453951678916,-0.615203779510331,-0.488234291489332,-0.360414707860639,-0.120750446459827,38846.8196876062,0.999903350128003,"scholar-dissuade"
"B_s[1,81]",-0.184990724496309,0.000968053804202218,0.189041910775879,-0.55894527742615,-0.31178971678405,-0.185155142563527,-0.057866188564083,0.184116972676577,38134.4252115826,0.99998289820353,"scientist-disprove"
"B_s[1,82]",-0.65395915089485,0.000911475976860039,0.179717753016004,-1.0074866515442,-0.773071585920303,-0.653212021236684,-0.534379491526882,-0.301548571215451,38876.889177483,0.999950687224073,"secretary-fear"
"B_s[1,83]",-0.644852976495561,0.000941993513177305,0.192515199281238,-1.02883890367783,-0.772793549891304,-0.644373786716498,-0.512989609226138,-0.269996484762828,41767.0903884029,0.999962722124692,"shopkeeper-doubt"
"B_s[1,84]",0.464527547883461,0.000922538030359509,0.180657894382676,0.110117544489973,0.341611493617974,0.464393403181153,0.587281300245935,0.815975008320417,38348.2307031862,0.999916290225242,"singer-wish"
"B_s[1,85]",0.31998051200195,0.000936026975189019,0.187127085604579,-0.0485435190765301,0.19475488076581,0.320402059616839,0.445480227712784,0.681779650502067,39966.5423939327,0.999894642738765,"soccer player-love"
"B_s[1,86]",0.45741650935107,0.00094638631573362,0.189340455910689,0.0894803504522307,0.329861174264176,0.456481002603298,0.584004565188627,0.830161659629923,40026.7135362345,0.999862838368518,"soldier-fear"
"B_s[1,87]",0.344938254597747,0.000932466272593923,0.186115246080093,-0.0169061364389804,0.218954349650169,0.344299533210023,0.468515846524519,0.715405003033329,39838.0100806618,0.999923883993398,"strategist-tell"
"B_s[1,88]",0.180007179574582,0.000987203498002982,0.191161217114074,-0.1905932698082,0.0508730706833856,0.178880914787246,0.307962543610126,0.5555324328682,37496.1089904665,0.999899234486118,"swimmer-like"
"B_s[1,89]",0.731333875626162,0.000940919789574192,0.187087103045099,0.36650325659942,0.60392907685102,0.731169767567634,0.857148452384642,1.10005842250354,39535.0684295711,0.999987220536937,"teacher-apologize"
"B_s[1,90]",0.437442383531614,0.000919566938415993,0.190622241214375,0.0663483127916504,0.308451910541097,0.43721396364035,0.566206747964183,0.812997576678724,42971.4932703591,0.999872141371771,"therapist-convince"
"B_s[1,91]",0.411224132263325,0.000948974262561432,0.190231154937446,0.0399290123232671,0.283186367367532,0.410964759614473,0.540045967469134,0.783948436243533,40184.116231902,0.999962819844984,"tourist-regret"
"B_s[1,92]",-0.500695538315051,0.000921407965821949,0.180371974780052,-0.855835938917203,-0.620319833846351,-0.500552319455049,-0.378935232484558,-0.149349955937952,38320.7671929607,0.999925989187115,"trainer-persuade"
"B_s[1,93]",0.452611881348362,0.000900068497875445,0.184098197697248,0.093699189824744,0.32700150250939,0.453079061753848,0.575515646365928,0.815273335064204,41835.7876622873,0.999968283483133,"travel agent-hope"
"B_s[1,94]",-0.978549226078538,0.000886928867601812,0.17899119244766,-1.33301421688357,-1.0996995933814,-0.976572335223656,-0.856832430810839,-0.630858269431692,40727.3114489145,0.999886220924777,"uncle-apologize"
"B_s[1,95]",-0.483695410368876,0.000904267889172988,0.175816691503518,-0.828682066532592,-0.601482767332163,-0.484196864832775,-0.365323011002448,-0.137763548609377,37802.9757958772,0.999896341766612,"waiter-worry"
"B_s[1,96]",-0.500620483339302,0.0009824126170576,0.183654583774624,-0.860617839646227,-0.624851862156284,-0.500022057891758,-0.378309674312611,-0.141005831731312,34947.4652379296,0.999994062448065,"zookeeper-tell"
"B_s[2,1]",0.259138588474144,0.00173419246296536,0.312150140461361,-0.357456462808898,0.0482295823552458,0.262042703738435,0.469771033902861,0.865621648297099,32399.0652580907,0.999929547666508,"accountant-know"
"B_s[2,2]",0.197050962063876,0.00180007191195724,0.315269601678539,-0.417251098682728,-0.0145126484204025,0.193906282822026,0.407670629108269,0.822200200787572,30674.9939345824,0.999857563379226,"actor-hate"
"B_s[2,3]",0.491682488575621,0.00176162144003863,0.312965611256167,-0.125333094352771,0.283976120107109,0.48986511460985,0.699634759823532,1.10751373267594,31562.2579554494,0.999920540229217,"analyst-notify"
"B_s[2,4]",-0.376358700951521,0.00177955182551475,0.31821474871683,-1.00965634317039,-0.589772137545208,-0.375581854670383,-0.160074081082179,0.236672360243418,31975.6460860171,0.999910604677828,"assistant-wish"
"B_s[2,5]",-1.20775303659945,0.00182031842369705,0.32111393966541,-1.85378875112864,-1.41739447983068,-1.20442765443759,-0.990465245298235,-0.585850081293659,31118.8535211872,1.00006410824166,"baker-know"
"B_s[2,6]",-0.659264107150496,0.00181486497573507,0.32123362972355,-1.28376827426591,-0.875534426127311,-0.660934025666612,-0.442382527300065,-0.0254777574058276,31329.4933017414,0.999923702691661,"basketball player-hate"
"B_s[2,7]",0.0917518045953137,0.00191981360991414,0.319662879590561,-0.536425196664888,-0.121667915823442,0.0954676586991607,0.309113411628597,0.705176507461662,27724.6634163779,0.999938198886652,"batter-worry"
"B_s[2,8]",-0.319386758354611,0.00182712715297487,0.316549847689729,-0.927075090490656,-0.531632118745466,-0.325469506977826,-0.10893879119847,0.31491889359081,30015.5754784977,0.999925839477674,"bookkeeper-lie"
"B_s[2,9]",0.26850155475773,0.00203865935563176,0.32583782237907,-0.362962755048584,0.0487793246743676,0.266558884128191,0.481058430397685,0.923253174536508,25545.456039991,0.99995098800562,"boss-tell"
"B_s[2,10]",-0.959606356068645,0.00175465422704929,0.324379949861789,-1.5963337412773,-1.17966485847136,-0.958906642657295,-0.74164275981553,-0.323308897231245,34176.2895711345,0.999883211219485,"bouncer-dissuade"
"B_s[2,11]",0.213952549612647,0.00188753259064343,0.32514927765311,-0.419378177127299,-0.00396960807664803,0.210588341010284,0.429632812552678,0.855767607207849,29674.0394022803,1.00005010631954,"bricklayer-complain"
"B_s[2,12]",0.741634528225819,0.00181545751429379,0.310092581282386,0.134498995858881,0.535481917063358,0.741140826503231,0.948310723034058,1.35439077257366,29174.9803751767,0.99996012409254,"businesswoman-boast"
"B_s[2,13]",1.0074230448539,0.00187883039840761,0.320426819370605,0.388709600426264,0.789083202901018,1.00113326834433,1.21830292364562,1.65387910710227,29085.903666744,1.00001475421948,"chef-love"
"B_s[2,14]",-0.412434934237601,0.00184069952511325,0.320626666012883,-1.04205733178566,-0.627379387652704,-0.412929860721034,-0.197001458872937,0.213855113503358,30341.2506125272,1.00000197621141,"chemist-lie"
"B_s[2,15]",-0.351559175901844,0.00185602179482789,0.319304433397279,-0.970558278072584,-0.566595264260074,-0.351751600581444,-0.138684862869168,0.286099339765626,29596.7315714323,0.999945039933252,"child-apologize"
"B_s[2,16]",0.32832522170665,0.00183133674199722,0.321831970318193,-0.299721341115518,0.111239852573942,0.327796536799617,0.541152868240019,0.966726738750237,30883.1755943593,0.999921157219424,"clerk-apologize"
"B_s[2,17]",0.17486215121626,0.00186197808257939,0.321745040408686,-0.454795064502963,-0.0426227603402741,0.171372721070998,0.39003448324177,0.808417132276704,29858.9542316889,0.999922229805816,"climber-like"
"B_s[2,18]",0.0435666114828515,0.00184821780044225,0.313346959374752,-0.58132206780006,-0.163645236699618,0.0472355850062278,0.25427210337127,0.6449621880155,28743.8324208368,0.999938879139687,"coach-congratulate"
"B_s[2,19]",-0.789434994168769,0.00200284698081639,0.320629299344925,-1.43172201175644,-1.00147735424853,-0.786197091878816,-0.570488599238151,-0.173000533789372,25627.7731907675,0.999971748909622,"concierge-convince"
"B_s[2,20]",-0.779415154051285,0.00178537408092879,0.314975094586579,-1.40298414276997,-0.991088283305787,-0.776687060471575,-0.566754773759643,-0.168821077743859,31123.8976709356,0.999904866371933,"conductor-congratulate"
"B_s[2,21]",-0.324766093187897,0.00189345882280493,0.320030233996495,-0.956927116170924,-0.536718214686864,-0.324248126554809,-0.109325764210774,0.303955047225866,28567.3718773506,0.999960114184515,"congresswoman-regret"
"B_s[2,22]",-0.12286259969155,0.00181144742444077,0.324059728988735,-0.755170659092827,-0.340986714597112,-0.121650668654386,0.0939960407579116,0.513135005954582,32003.5873324549,0.999985518652994,"contractor-mislead"
"B_s[2,23]",-0.0176056450172262,0.00183064443639891,0.315184597057635,-0.635404879930489,-0.231667180420387,-0.0162940821860938,0.196128224876704,0.593203271819767,29642.9875057658,0.999958921020581,"coroner-persuade"
"B_s[2,24]",-0.581827603586946,0.00179890096348544,0.323002483100408,-1.22515825459238,-0.79922269202511,-0.581338812937299,-0.367876788703493,0.048681492083801,32240.1618398435,0.999951379358897,"curator-like"
"B_s[2,25]",0.530947588738407,0.00190599376885372,0.324398163167998,-0.108852862622795,0.314181336863759,0.533080990775082,0.748508822803303,1.16396665201577,28967.6870463935,1.00017910917789,"cyclist-think"
"B_s[2,26]",-0.195935413853659,0.00179514702128282,0.314551914709783,-0.811560990636953,-0.408595236452818,-0.195585011441624,0.0190973090330418,0.412030455863584,30703.2692178907,0.999927389247573,"dancer-boast"
"B_s[2,27]",0.281740899548643,0.00180536341699595,0.318276961271969,-0.347138496876862,0.0692682287038855,0.283583845282903,0.495631210935659,0.899791971793696,31080.0085971098,0.999915461567172,"daughter-convince"
"B_s[2,28]",-0.625427392850588,0.00185791415739685,0.319413148147751,-1.25529023460882,-0.838836218665088,-0.623020732977409,-0.410103065515582,-0.00435809466302084,29556.5874855896,0.999973629516715,"defendant-hope"
"B_s[2,29]",0.574400704451013,0.00184384718733065,0.318682727029434,-0.0362065289572767,0.358559596074287,0.570250838476571,0.785490702737221,1.20864237555062,29872.1993879711,0.999937884700125,"deliveryman-regret"
"B_s[2,30]",-0.643303740429005,0.00176101496469522,0.324360372974394,-1.28124829318673,-0.861539266292844,-0.642258623766791,-0.423699859283459,-0.0123425588424752,33925.75248416,0.999912161450444,"detective-disprove"
"B_s[2,31]",0.608300756384127,0.00206571053597282,0.324777886860748,-0.0334275554010275,0.391715474278922,0.607082716362595,0.827701865873942,1.24547921754563,24719.1751277618,0.999998761692807,"director-congratulate"
"B_s[2,32]",0.695328149873468,0.00185679228137037,0.327600779380662,0.0490310574001112,0.480206352264777,0.693196193489295,0.910711019497726,1.3507423487526,31128.8594365771,1.00001802621611,"dishwasher-complain"
"B_s[2,33]",-0.78371203759636,0.00214306511510203,0.333240884348366,-1.44135803241233,-1.00433064298177,-0.78097682029389,-0.561841583575157,-0.131557863856195,24179.4168703123,1.00007574468035,"diver-fear"
"B_s[2,34]",-0.153629426765501,0.00178680924109454,0.315371800206556,-0.780834427255362,-0.365160193885819,-0.151092057040664,0.0603545966914063,0.459361542842717,31152.243905975,0.999878416482612,"doctor-think"
"B_s[2,35]",-0.58207407757391,0.00190990720955793,0.324699927726657,-1.226362508377,-0.801276325571181,-0.582580530070672,-0.363630185456649,0.0520437579736065,28902.7953419317,1.0000219713892,"driver-regret"
"B_s[2,36]",0.222326202984953,0.00181135769892492,0.328905285892706,-0.420534238459854,0.00374521553752259,0.220929437644776,0.440709480483536,0.868118954335632,32971.0868721121,1.00016241009048,"economist-mislead"
"B_s[2,37]",-0.0631132119163238,0.00192119207193166,0.327311797198991,-0.701808229617717,-0.284859926685764,-0.0658342114054919,0.157288190074124,0.577176258509214,29025.6360835101,0.999871344297804,"electrician-disprove"
"B_s[2,38]",-0.526530780373835,0.00185847800432523,0.318261742229722,-1.15603553899764,-0.738907099929636,-0.526823744422369,-0.312363198690492,0.100468906000903,29326.0803957869,0.999932955357358,"engineer-persuade"
"B_s[2,39]",-0.0643875194310972,0.00180876832354329,0.32057642572098,-0.695717232310902,-0.280311578003762,-0.0648047314142753,0.153127696635107,0.55888480741657,31412.1221339601,1.00021583998008,"executive-know"
"B_s[2,40]",-0.0857763110164597,0.00185774841257047,0.323053759266845,-0.718098139666606,-0.302489343143019,-0.0865485861470369,0.129970610861324,0.551431144359047,30239.5831759667,0.999939819035983,"farmer-persuade"
"B_s[2,41]",-0.0866672211168779,0.00194614890476138,0.327579532841524,-0.724523485534293,-0.307587745473862,-0.0853973414196245,0.133626001635938,0.55924307495693,28332.2709296393,0.999904348235628,"filmmaker-lie"
"B_s[2,42]",-0.918665226418017,0.00189953154703483,0.321347612395042,-1.55796756950323,-1.13252970636093,-0.914588413385098,-0.703181451856488,-0.294553240251385,28619.176541937,0.999962322170219,"fire fighter-boast"
"B_s[2,43]",0.389638564154912,0.00191335681923843,0.317353716781229,-0.230797451636165,0.177373128439069,0.390355965908665,0.59966098464555,1.01782971173436,27510.2945898832,0.999953185860238,"fisherman-love"
"B_s[2,44]",0.798793658723674,0.00207488452769077,0.322725067973162,0.180197493324097,0.580202213827262,0.794435049761672,1.01344517418984,1.44090937595803,24192.321063701,1.00011089619629,"gambler-like"
"B_s[2,45]",0.00147617074898265,0.00184923345352968,0.318740133987265,-0.639471087747687,-0.21027899596327,0.00727756729056003,0.214468542400308,0.61671743529537,29709.135795498,0.999891376806317,"gardener-remember"
"B_s[2,46]",0.484422443102142,0.00207252549676265,0.321903515388051,-0.129503955574661,0.264028740862564,0.479282862805492,0.696084182269519,1.13081795505042,24124.1308168523,0.99988141152117,"guitarist-worry"
"B_s[2,47]",0.00394777364866541,0.00181031097243811,0.31373886177242,-0.610655455990371,-0.206063304075318,0.000552508700396408,0.212099462336074,0.622210442785582,30035.1818534334,1.00005866193271,"hacker-boast"
"B_s[2,48]",0.43270971273684,0.00184866564125775,0.316291084278225,-0.183573058083014,0.21882491403856,0.433712993183094,0.642907635321604,1.05722319376273,29272.3211252761,0.999877444776831,"hiker-remember"
"B_s[2,49]",0.98370437056193,0.00173237463225354,0.307105055267174,0.381802828118354,0.780130882756259,0.980845670278467,1.18723693294974,1.59834029596537,31426.086365967,0.999878154610702,"homeowner-hate"
"B_s[2,50]",-0.28928840839285,0.00191699051516782,0.331821553513974,-0.939222141579834,-0.510898440950272,-0.290192295839428,-0.0672155851471997,0.364686235979978,29961.893524782,0.999911451250692,"inspector-convince"
"B_s[2,51]",-0.292800334049642,0.00193092042268641,0.324778839143694,-0.942927630281557,-0.506978443464537,-0.290163830580288,-0.0726904590928898,0.335116146121909,28290.8957557334,1.00002858590424,"jeweler-remember"
"B_s[2,52]",-0.786204541158224,0.0018998987431888,0.321134201083421,-1.42402263540064,-0.998930032005113,-0.782217004145876,-0.565924731882433,-0.171103698629288,28570.1296147913,0.999982804117678,"journalist-worry"
"B_s[2,53]",0.299816236403167,0.00172004649738239,0.321017106723431,-0.332938037499257,0.0844208204251618,0.300580501589676,0.513286209353631,0.933308586444496,34831.8048106828,1.00006872215665,"landlord-hope"
"B_s[2,54]",-0.0292300619503161,0.00192586623605404,0.323894276176465,-0.677035470010146,-0.244954367057023,-0.0287558170150045,0.189024982459289,0.603315432539363,28284.8778813365,0.999940808081583,"lawyer-disprove"
"B_s[2,55]",-1.96451355998071,0.00209438782318782,0.351277292926346,-2.66222447728764,-2.2002594502062,-1.96077537059996,-1.7250997000741,-1.2916179156427,28131.0502249178,1.0000226425757,"liquor store owner-tell"
"B_s[2,56]",0.599098140424784,0.00195412641538964,0.318492523583275,-0.00301427110501296,0.380097646335675,0.592746920644752,0.812861424089991,1.23520553432571,26563.9817423987,1.0000107897022,"literary agent-mislead"
"B_s[2,57]",0.2537736347097,0.00179319349024349,0.317099860762729,-0.36321502491769,0.0386605058202703,0.25367971007737,0.468632324830853,0.880376970988675,31270.7138506889,0.999924406592533,"little girl-fear"
"B_s[2,58]",-0.125399350913215,0.0018151732275394,0.325375099693417,-0.761981709092133,-0.344933376730563,-0.126046556639371,0.0918149131442312,0.519154493330562,32131.6090028712,0.999928911861286,"mechanic-notify"
"B_s[2,59]",-0.426700000775714,0.00178912214037584,0.322720430787986,-1.0547170165088,-0.647548343239684,-0.427879620031907,-0.208733304380139,0.205359273525527,32536.6578906433,0.999912996866439,"model-complain"
"B_s[2,60]",-0.737740767629738,0.0018898315829431,0.319198678316424,-1.37491299116212,-0.950925598049602,-0.733351390068353,-0.51988252220552,-0.12029966583944,28528.3046439094,0.999897781455217,"moderator-congratulate"
"B_s[2,61]",-0.179414827743696,0.00202389581643453,0.334432023299261,-0.843181728727515,-0.396700627151634,-0.17629601607563,0.0440886217832387,0.471860447649183,27304.8256188317,0.999905737096125,"mother-lie"
"B_s[2,62]",-0.946203520183932,0.00190714475789719,0.319503635712694,-1.57762238528315,-1.16047669680929,-0.943960450870664,-0.729280742650665,-0.325807343177871,28066.2437003305,0.999966914214223,"mother-remember"
"B_s[2,63]",0.135721406360166,0.00197768032061977,0.324171840166632,-0.511208034452994,-0.0794399695076304,0.139529307430209,0.352634276222082,0.760633998306727,26868.1886263871,0.9999941960347,"musician-hope"
"B_s[2,64]",-0.391112916394766,0.00192369598412108,0.329488238672065,-1.03565903133608,-0.613096042289267,-0.392128702644078,-0.16921820215881,0.259033941179019,29336.4093346671,1.00004734036763,"nanny-dissuade"
"B_s[2,65]",-0.128066746611364,0.00191596964311738,0.3188879120808,-0.748574123287956,-0.342367582781444,-0.129652704279793,0.0850915905876697,0.506282132829474,27701.2180858114,0.999905767961448,"news anchor-notify"
"B_s[2,66]",0.201185843894843,0.00185393476223021,0.313225018834847,-0.419804801769333,-0.0110681061774831,0.202588397021248,0.414369187208545,0.811837322143524,28544.6020351192,0.999891929027423,"nurse-know"
"B_s[2,67]",-0.124827233384353,0.00174338918824165,0.316967440587636,-0.747571795974797,-0.338553100761537,-0.120833827257123,0.0920553843014102,0.486815510327576,33055.2624311958,0.999918940887417,"painter-think"
"B_s[2,68]",0.142644429771948,0.0019011419234955,0.31663496080511,-0.480050630804038,-0.0705321582493661,0.143011996526437,0.356248231228271,0.758630513508753,27738.8628055415,0.999926182100331,"paramedic-hate"
"B_s[2,69]",-0.744046925870016,0.00197013700608095,0.33133123169588,-1.40554556559702,-0.965035665304847,-0.739200948477446,-0.522099280812931,-0.0989985550716387,28283.4180383882,0.999965466490437,"pharmacist-notify"
"B_s[2,70]",-0.738561043012719,0.00183263064497567,0.325483301123369,-1.37369925704736,-0.958492111046554,-0.740881802012659,-0.518961628687471,-0.0986239350299851,31543.3296833847,0.999866609556069,"pilot-mislead"
"B_s[2,71]",0.375570557895221,0.00188628668963086,0.331332678752353,-0.260005332867142,0.153044085329199,0.370555444368999,0.596864190486806,1.04325936707664,30854.1184855579,0.99998922037959,"politician-wish"
"B_s[2,72]",-0.913050968304751,0.00191962490234988,0.321744520279701,-1.5433167905636,-1.12786590626098,-0.912929946785069,-0.695106512728639,-0.282701840197706,28092.4468410684,0.999905145462198,"priest-love"
"B_s[2,73]",0.12285967754273,0.00181768943224109,0.315452682147783,-0.501648846252438,-0.085497535776302,0.122442039213991,0.335010609256914,0.742702785856506,30118.2049388461,0.999916598895482,"professor-think"
"B_s[2,74]",0.132045477196487,0.00180492646277646,0.309033677788861,-0.46903993423607,-0.0775090027786729,0.13000050481666,0.337283153402709,0.746754370317489,29315.1820910851,0.999971611378716,"programmer-doubt"
"B_s[2,75]",0.229024404325498,0.00190271249758339,0.315926843683094,-0.387236409416,0.0188551661914136,0.227340071961657,0.43734836596575,0.856751118217288,27569.361985745,0.999884595312647,"publisher-doubt"
"B_s[2,76]",-0.00756798026105228,0.00184047364979562,0.318766909280671,-0.631975650020416,-0.222433157607869,-0.00770285300629908,0.204486400774088,0.620543659423459,29997.6514882584,1.00017541433831,"reporter-dissuade"
"B_s[2,77]",0.787886055175996,0.00175169730141246,0.315353565546857,0.179669763907208,0.573612987908909,0.782834317390223,0.99649922855684,1.42508652820407,32409.8760119318,0.999864042628888,"runner-doubt"
"B_s[2,78]",-0.352909102854888,0.00180675672938061,0.319647889119628,-0.988643863029501,-0.567355375261726,-0.346416301231823,-0.135450661496353,0.262870894385335,31299.9987136446,0.999907594762864,"sailor-complain"
"B_s[2,79]",0.430854527518262,0.00184633486988622,0.31724540168132,-0.179232189949583,0.216417161658118,0.426667085247771,0.640366700042664,1.06507193226911,29523.628244227,0.999957483578949,"salesman-wish"
"B_s[2,80]",-0.0419516612337278,0.00178596456919458,0.32370950217843,-0.68752478822579,-0.257008417714345,-0.0390967210298379,0.174607808100251,0.593649895095604,32852.2574806866,0.999995916977776,"scholar-dissuade"
"B_s[2,81]",0.166777310414435,0.00188970206430297,0.320408448826823,-0.461283460882134,-0.046235616993028,0.166754492953092,0.380851182556787,0.795181458190877,28748.9007731095,1.00001346243212,"scientist-disprove"
"B_s[2,82]",-0.819864750134289,0.00254369296161172,0.344542789836453,-1.50120362165863,-1.05048297591893,-0.820342304586101,-0.585887205819535,-0.152188374670728,18346.6575773993,1.00010560887421,"secretary-fear"
"B_s[2,83]",0.556781764442919,0.00175616286609584,0.319300514363678,-0.0652883956464164,0.34343159941411,0.553841432237437,0.766606478138841,1.19666726291541,33057.4733659861,1.00009419267332,"shopkeeper-doubt"
"B_s[2,84]",-0.639262306438168,0.00181246507463617,0.319616746265899,-1.27121979887301,-0.854695984332954,-0.639536081503401,-0.423019152688729,-0.0126505042859366,31097.0905829906,0.999906292452152,"singer-wish"
"B_s[2,85]",-0.698865826289708,0.00210046080972566,0.334204451071571,-1.36655199246832,-0.921688174157412,-0.695277470224607,-0.472154926668738,-0.0513407739956763,25316.0120428879,0.99992234571267,"soccer player-love"
"B_s[2,86]",0.145006286672976,0.00182290575066733,0.324291788086703,-0.486961147899703,-0.0711728557373754,0.141661231843722,0.362586433023025,0.782242804777929,31647.7961611991,0.999909722340105,"soldier-fear"
"B_s[2,87]",-0.344517733943773,0.00196038963840664,0.322971358157724,-0.97351569563074,-0.563359230783108,-0.344088038269569,-0.127484779448181,0.293408025383033,27142.0860372999,1.00013180037877,"strategist-tell"
"B_s[2,88]",0.00462359566429976,0.0018882703133776,0.322740966461727,-0.620340648256119,-0.212885472375218,0.00106712563941068,0.218382191054518,0.646275254725425,29213.2489423766,0.999986304474947,"swimmer-like"
"B_s[2,89]",-0.72517124761607,0.00185795612367014,0.327073225091493,-1.36715337287151,-0.944338050603232,-0.720627890659526,-0.50607236610371,-0.086217259447565,30989.8218132999,0.99988217527606,"teacher-apologize"
"B_s[2,90]",-0.180494878897774,0.00173465227044993,0.320702437524317,-0.823167856021556,-0.394089100998225,-0.178140343543163,0.0343110871037788,0.443683866596471,34180.5985756914,0.999895954483691,"therapist-convince"
"B_s[2,91]",-0.286898127645067,0.00183803144240198,0.323406802959593,-0.918529337115524,-0.505259446466937,-0.288643593183398,-0.0719246487089127,0.351484599518517,30959.3924574687,1.00005621859264,"tourist-regret"
"B_s[2,92]",0.244502274134737,0.00175094401149045,0.306743943131117,-0.354228862678949,0.0383889138773714,0.24575469414451,0.452653187959374,0.835221484623322,30690.7480266361,0.999887235158224,"trainer-persuade"
"B_s[2,93]",-0.474758859518602,0.00177296249953231,0.326681058938446,-1.12703165051759,-0.691665319666047,-0.473652750748365,-0.256159091367822,0.15737975205368,33950.7059972516,0.999881789413048,"travel agent-hope"
"B_s[2,94]",0.301609658754429,0.00200833615378378,0.322540356607231,-0.32616789449396,0.0837339336241338,0.300091113971459,0.516792730604837,0.940130424826189,25792.6111455346,0.999940520630387,"uncle-apologize"
"B_s[2,95]",-0.370450808414476,0.00183045083083415,0.313799582893957,-0.997704815452646,-0.577376436073661,-0.367225813295082,-0.159363302904135,0.23585768397982,29389.2558088858,1.00002381066174,"waiter-worry"
"B_s[2,96]",0.0540571989902228,0.00188733274139812,0.322958702913931,-0.583655790029855,-0.159573286164696,0.0552260330373525,0.270600799458238,0.683738163289212,29281.7505202031,0.999944183487547,"zookeeper-tell"
"B_s[3,1]",0.457950199519585,0.00121512319473658,0.231357659811731,0.004625080983591,0.303349348871355,0.457152953230389,0.607771260362027,0.921311395954536,36251.5970186962,0.99990372438998,"accountant-know"
"B_s[3,2]",-0.113814308516205,0.00145669647760387,0.246088643254268,-0.619060862225116,-0.273522979602283,-0.108382774926745,0.0524481840883678,0.350501292141236,28539.4108570512,0.999913293710595,"actor-hate"
"B_s[3,3]",0.561009758516383,0.00128061884881485,0.239678661031143,0.0870980108570387,0.400659378875294,0.561897954742092,0.721150268356004,1.02874889533031,35028.2919088199,1.0000482803093,"analyst-notify"
"B_s[3,4]",0.0293462785922235,0.00135531557949847,0.245379185230845,-0.463968353794916,-0.131376664781393,0.0312569849425795,0.192171875128459,0.503800281477526,32778.9153642455,0.999902207267596,"assistant-wish"
"B_s[3,5]",-1.5743754475608,0.00141850715621393,0.253987628432886,-2.09224676900242,-1.74180794826395,-1.56960081420442,-1.40166981898941,-1.09351371328016,32059.8926391231,0.999978074632722,"baker-know"
"B_s[3,6]",-1.20349727966795,0.0012721819337749,0.251355074727597,-1.70355438712338,-1.37088452027636,-1.20143162625003,-1.03272756809014,-0.718746156103661,39037.0389414837,0.999910020001956,"basketball player-hate"
"B_s[3,7]",-0.096720011885466,0.00140989744137214,0.24402462979385,-0.580361919676769,-0.257959489072977,-0.0965739920820201,0.0642275454332782,0.385000413070874,29956.5834385171,0.999872250986968,"batter-worry"
"B_s[3,8]",-1.07614427792152,0.00154166417033433,0.243995880815281,-1.56784177274838,-1.23558544625089,-1.07255082495279,-0.911723552678013,-0.61091651592099,25048.7138125764,0.999945813277011,"bookkeeper-lie"
"B_s[3,9]",0.508931373228773,0.00170245979545194,0.246039519454921,0.0361809421083286,0.3424585998402,0.502543136228401,0.668840590814923,1.00647606568494,20886.0354621322,0.999924173369905,"boss-tell"
"B_s[3,10]",-1.81788885062481,0.00135766689117788,0.25572124923379,-2.34605407711397,-1.9845891246423,-1.80994487323976,-1.64396784817115,-1.34205748224512,35477.0238831705,0.999976177531456,"bouncer-dissuade"
"B_s[3,11]",0.777876160087299,0.00135443650133033,0.239737040802888,0.317395294895888,0.616317454375896,0.774895343576696,0.9353496534251,1.26356076666445,31329.4652460303,0.999958218691049,"bricklayer-complain"
"B_s[3,12]",0.660792169062443,0.00146394860395218,0.245429042840865,0.192084739042059,0.49418895371995,0.655765282057655,0.82322420322039,1.15437844581031,28106.0780277452,0.999925671945634,"businesswoman-boast"
"B_s[3,13]",1.14105946750634,0.00125434165857513,0.240700024917225,0.683113268311308,0.978388529414525,1.13662062480553,1.29975780792252,1.62780707627203,36823.1195821675,0.999887483381393,"chef-love"
"B_s[3,14]",-0.0307250257868149,0.00138952845954277,0.252785978965357,-0.524628939735169,-0.199966277832248,-0.0305438447583838,0.137089768858833,0.47038453738222,33095.6618837913,0.999979852895343,"chemist-lie"
"B_s[3,15]",-0.753679348994071,0.00124969569992669,0.244395721520013,-1.24124036600102,-0.913512728358793,-0.751398608364846,-0.592196765040676,-0.276634379800392,38245.3506005142,0.999954448203895,"child-apologize"
"B_s[3,16]",0.378129254686111,0.00130515969658167,0.235612114961897,-0.0762811828527315,0.219415397701889,0.375857121934308,0.533832474785428,0.848852032468483,32588.7668263453,0.999898885702064,"clerk-apologize"
"B_s[3,17]",-0.0773380361369572,0.00130590576045797,0.243019481010312,-0.55500422767987,-0.240567100532856,-0.0777697568874571,0.0839540843472542,0.400271046144497,34630.479342032,0.999947136864229,"climber-like"
"B_s[3,18]",0.405688137197141,0.00129972301733235,0.24204893746482,-0.0817178486635973,0.246841278533007,0.407640574203945,0.570345861745522,0.875839242447293,34682.0484706837,0.999872118728886,"coach-congratulate"
"B_s[3,19]",-0.740347077787908,0.00145007078726107,0.245458629267225,-1.22512447284294,-0.90269510580148,-0.736992396377682,-0.573798819729796,-0.266044835371786,28653.5345793066,0.999986206207775,"concierge-convince"
"B_s[3,20]",-0.31469439791125,0.00130939564104602,0.24382422423315,-0.792116106975619,-0.47630848582126,-0.315761823219045,-0.152917949482781,0.169859544786843,34674.6367853295,0.99994184117168,"conductor-congratulate"
"B_s[3,21]",-0.243597008914739,0.00134491109544205,0.240584131874041,-0.710479285683963,-0.405054029580852,-0.246226994788175,-0.0844181921870668,0.240715741833739,31999.7662304837,0.999877968132521,"congresswoman-regret"
"B_s[3,22]",-0.0944584879884993,0.00125023408149058,0.23913982435313,-0.556639156702116,-0.255452212448182,-0.0954234695159236,0.0646767199833087,0.380280314904935,36586.5235308864,0.999886927327561,"contractor-mislead"
"B_s[3,23]",0.119255743425576,0.00128389467634659,0.237721429255596,-0.350102295966655,-0.0381052398864218,0.118737518618476,0.275164043987032,0.589945456128502,34282.9250546567,0.999887098287053,"coroner-persuade"
"B_s[3,24]",-0.838973298838599,0.00136136833571933,0.24385369914403,-1.32127973996995,-1.00143607814755,-0.837343268748122,-0.677377198344015,-0.361156384034448,32085.3961595412,1.00007340958101,"curator-like"
"B_s[3,25]",0.850259191490323,0.00135103957419779,0.249475684218653,0.35345085231035,0.684757769990212,0.852224331445998,1.01697233769933,1.33145712574939,34097.3245980542,0.99991677476419,"cyclist-think"
"B_s[3,26]",-0.170870002660754,0.00125641285123675,0.238518646426628,-0.640582318403305,-0.327740446285323,-0.171315125071027,-0.0119885918438075,0.299363116638784,36039.5975251571,1.00001550505513,"dancer-boast"
"B_s[3,27]",0.288253439101388,0.00132581203529266,0.237510487423956,-0.178355157140428,0.129084530010724,0.289644851956047,0.445664468459973,0.75804715659072,32092.3609147445,0.999928547881394,"daughter-convince"
"B_s[3,28]",-0.60475480729654,0.00152344725800938,0.251259405588637,-1.10868842679414,-0.769278484113878,-0.602759521820804,-0.43534093470584,-0.117698397658475,27201.3093213641,0.999993132236295,"defendant-hope"
"B_s[3,29]",0.597479328513469,0.00134825599201644,0.239655883005252,0.140299931371026,0.434765791423149,0.590392794713229,0.754267053726556,1.09040907420117,31595.9538361643,0.999871131935949,"deliveryman-regret"
"B_s[3,30]",-1.02731983227717,0.00137171236078063,0.251312014805661,-1.52555649486666,-1.19352023762213,-1.02364109746275,-0.858360929852916,-0.539534076189216,33566.0625558532,1.00004992511936,"detective-disprove"
"B_s[3,31]",0.831532705512321,0.00174403672943758,0.252085247740599,0.325127673351085,0.665572042577784,0.836264042255622,1.00034734890187,1.31738391883643,20892.1727562668,0.999907665457844,"director-congratulate"
"B_s[3,32]",0.82698861396367,0.00129888240014883,0.239936194567722,0.350944231999843,0.668088213989272,0.827749809531178,0.986078063250448,1.30215299493696,34123.3663564322,0.999874745791552,"dishwasher-complain"
"B_s[3,33]",0.805845535074621,0.0016914147596451,0.26648301385388,0.296083858987673,0.625385272314282,0.801007070345523,0.982514657413533,1.34064951323896,24822.1177175643,1.00017736893755,"diver-fear"
"B_s[3,34]",-0.133702445706543,0.00131672617275004,0.240358456497515,-0.608494561414361,-0.292924422028649,-0.132223944696338,0.0248851599370346,0.341661157858677,33321.7557409927,0.99992496147386,"doctor-think"
"B_s[3,35]",-0.236129296207243,0.0014653759606075,0.246614217369351,-0.739373982415821,-0.397880819867308,-0.231467605160349,-0.0698777650546674,0.238308157295657,28322.9245185865,1.0000285819084,"driver-regret"
"B_s[3,36]",0.383289241628841,0.0012770023163489,0.246093906661746,-0.10278765070661,0.219405324955699,0.383563695268469,0.544536697065746,0.868532732883474,37137.9862559518,1.00001427294305,"economist-mislead"
"B_s[3,37]",-0.549972103251692,0.001450346945628,0.250835788973306,-1.02849897607984,-0.718134408771031,-0.556717346835424,-0.384509762055656,-0.0403923705210348,29911.2934179363,0.999987485151707,"electrician-disprove"
"B_s[3,38]",-0.63726078057107,0.00146649992034242,0.244172992256292,-1.12932630026473,-0.797161095739327,-0.631173441126246,-0.473824111605716,-0.173452331844393,27722.4215569879,0.999948639082293,"engineer-persuade"
"B_s[3,39]",-0.669798479283438,0.00132934231299081,0.255095225890477,-1.17831650101442,-0.836438447715925,-0.666595185306747,-0.49911650269788,-0.180395781253471,36824.0036196713,0.999965781335295,"executive-know"
"B_s[3,40]",-0.551575970466384,0.00138629498779192,0.250102265553311,-1.03436588236213,-0.720246553399001,-0.552654764767635,-0.384603374768579,-0.060596248657281,32547.9728873702,1.00002881554991,"farmer-persuade"
"B_s[3,41]",0.00685807586921763,0.00146209807723891,0.249023234824004,-0.501062669862873,-0.154074051557878,0.0124535440132232,0.176759281748554,0.483844275813645,29008.5972685675,0.999889920885594,"filmmaker-lie"
"B_s[3,42]",-0.494486504584641,0.00141414217635474,0.250019969825014,-0.984570476723431,-0.660605417222144,-0.496402325605875,-0.330018152831429,0.00317875707257538,31258.1482447157,0.999975209669825,"fire fighter-boast"
"B_s[3,43]",0.221020055978217,0.00137593958739019,0.244142479376918,-0.25369143792631,0.0580336702765185,0.217608164932887,0.383028056181156,0.711697109779391,31483.8597755125,0.999954149368517,"fisherman-love"
"B_s[3,44]",-0.309905188418432,0.00169772987915719,0.266141261596808,-0.81752861824369,-0.488552852655667,-0.315100752950577,-0.133869103785544,0.228813457717695,24574.6441802186,0.999968596761424,"gambler-like"
"B_s[3,45]",0.136222332257815,0.00139505474847538,0.242156343489276,-0.354130978463135,-0.0210754367748651,0.139924497971821,0.298012754486766,0.605933090494385,30130.6983160312,0.999895247364865,"gardener-remember"
"B_s[3,46]",-0.607128667917587,0.00174791241227801,0.264596382660485,-1.13137521073819,-0.782802393922706,-0.608199917379023,-0.433933341612293,-0.0830418838056624,22915.4543428256,0.999858191919987,"guitarist-worry"
"B_s[3,47]",0.141302864981,0.00135249228965815,0.237355532400437,-0.336000184742791,-0.0127130714845399,0.145488260027807,0.299420501839791,0.600772186649681,30798.4685616049,1.00012451174033,"hacker-boast"
"B_s[3,48]",0.422808302142214,0.00137651546651532,0.238923786465904,-0.0345596061465449,0.261804342418302,0.418402412575843,0.580707263606312,0.909947237885785,30127.0485061353,0.999958092012139,"hiker-remember"
"B_s[3,49]",1.09859807059517,0.001321370803977,0.23584628830423,0.651597746394387,0.937591274406021,1.09332465780759,1.2543942313982,1.57103076470409,31857.2789372389,0.999885706249683,"homeowner-hate"
"B_s[3,50]",-0.944563245408098,0.00141462317683939,0.251947804608584,-1.43643536976187,-1.11147330402827,-0.945801032682521,-0.778915810818234,-0.438414937276265,31720.4703543598,0.999979562263128,"inspector-convince"
"B_s[3,51]",-0.272614854316293,0.00149477958403044,0.257141221878376,-0.796386543617506,-0.438395109548368,-0.265451678356948,-0.097553462465998,0.207308180494107,29593.0066274034,0.999988244347603,"jeweler-remember"
"B_s[3,52]",0.564399436808282,0.00139473734945917,0.254047979076723,0.063468484534901,0.39537626403692,0.565013789405422,0.734701366335306,1.06830867984379,33177.726831269,0.999945131802327,"journalist-worry"
"B_s[3,53]",0.539121818925206,0.00121985940532344,0.242799470836065,0.065706219701498,0.375232556614025,0.538894218901654,0.700339640322932,1.02008547331307,39616.482618642,0.999944358343406,"landlord-hope"
"B_s[3,54]",-0.156000634447505,0.00144554823030357,0.244992044684538,-0.652486039683895,-0.317790203074697,-0.150098072162898,0.00968826901488656,0.311100193342864,28723.5948210798,0.999945512564035,"lawyer-disprove"
"B_s[3,55]",-1.44041908397764,0.0014264765944058,0.262240575801144,-1.95622530000711,-1.61441305859904,-1.44033700108933,-1.26229463570231,-0.92860942068196,33796.4029338604,0.999908782855484,"liquor store owner-tell"
"B_s[3,56]",-0.239297994306098,0.00153052577313368,0.25673415813677,-0.748712493816614,-0.41012827684074,-0.238639007878877,-0.0686966095226556,0.271401347701885,28137.5328557091,0.999963135770578,"literary agent-mislead"
"B_s[3,57]",-0.498143637192009,0.001412620007204,0.24789753733492,-0.983848196092916,-0.661873614213466,-0.50118219963077,-0.334634324900107,-0.00656858488877533,30795.9580191759,0.999941049705513,"little girl-fear"
"B_s[3,58]",-0.155978716364525,0.00128167065761592,0.240588377198513,-0.621898625680496,-0.317158006379124,-0.157079398119267,0.00288402777196845,0.321187125584147,35236.7951818321,0.999916873848807,"mechanic-notify"
"B_s[3,59]",-0.348659090985352,0.00132060381069441,0.248708163453945,-0.840587227516361,-0.515005209708828,-0.347721848106067,-0.18301458140348,0.136903275301376,35467.8602685314,0.99995728406194,"model-complain"
"B_s[3,60]",-0.313755816988829,0.00134500160173994,0.247382470449794,-0.804734659240438,-0.476482696094126,-0.312385194369405,-0.150347987799701,0.166928981560044,33829.240019553,0.999902333017147,"moderator-congratulate"
"B_s[3,61]",0.112555707656299,0.00156915827032595,0.245117373541847,-0.379538920067745,-0.0485261369128375,0.117049526526509,0.276048884177203,0.585063304279522,24401.3968826969,1.0000740294656,"mother-lie"
"B_s[3,62]",-0.355102867457694,0.00141713535637943,0.252049716316279,-0.8581816011901,-0.521298647216869,-0.355020141667095,-0.186436393671629,0.132641085967721,31633.6830548798,0.999951790008884,"mother-remember"
"B_s[3,63]",0.390435748057029,0.00157010110913808,0.243457429934306,-0.0896527396796968,0.229292617034116,0.391192096713591,0.553159387952982,0.86864532342812,24043.1200737962,0.999972994707183,"musician-hope"
"B_s[3,64]",-0.569444418750542,0.00141716001617422,0.24510878710935,-1.04514202268733,-0.7328543510149,-0.573331985888592,-0.408494992152288,-0.078554482619809,29914.3782377304,1.00001324871778,"nanny-dissuade"
"B_s[3,65]",0.227634366592138,0.0014022671406489,0.23421205000985,-0.233199137386975,0.0698971964652798,0.228505592319401,0.382420666736443,0.691004818438816,27896.9649085262,0.99999776946615,"news anchor-notify"
"B_s[3,66]",0.33040598353085,0.00125716310006316,0.237059887189766,-0.13780773926398,0.172783919703333,0.330185440269047,0.487110515813883,0.798852678782106,35557.6373542515,1.00004522157404,"nurse-know"
"B_s[3,67]",-0.131852410745173,0.00129175189451305,0.243444955945776,-0.611432226011509,-0.292802066488667,-0.132571605667578,0.0324652957202684,0.343356675177844,35517.5783286435,0.999871097242005,"painter-think"
"B_s[3,68]",-0.0947102991104039,0.00136028063386893,0.236229893215045,-0.557639310680398,-0.253765012269764,-0.0938650455733521,0.0610114141370615,0.37116246876421,30158.7041559347,0.999999967504073,"paramedic-hate"
"B_s[3,69]",-0.166877628054584,0.00140777940723952,0.249649320600689,-0.645721625998576,-0.336140463100478,-0.170641389822173,-0.000340555990163812,0.332258476951996,31447.8935498226,1.00001660778868,"pharmacist-notify"
"B_s[3,70]",-1.45548680085993,0.00146722440798502,0.249671525502916,-1.94825502652806,-1.61979839607706,-1.45897584635184,-1.29303125124552,-0.953120473593286,28956.4250833576,0.999888075528882,"pilot-mislead"
"B_s[3,71]",0.515091235835041,0.00137655278308141,0.245425799504082,0.0491105658370802,0.348172925022641,0.511919840083579,0.675076903747876,1.00547084825073,31787.3768942444,1.00003624994929,"politician-wish"
"B_s[3,72]",-0.419383659884732,0.00150288898231079,0.253787423152566,-0.922075376272899,-0.587016813065837,-0.417394762567603,-0.250692478567971,0.0802843841696139,28515.8545567487,1.00001645643647,"priest-love"
"B_s[3,73]",0.177910274204214,0.00131710505317195,0.23701519384444,-0.281294774375515,0.0176386645256864,0.17418485383113,0.334075947479723,0.655654797433553,32382.5871298547,0.99990270624454,"professor-think"
"B_s[3,74]",-0.731332422185174,0.00130153590750576,0.240661099131759,-1.21278230581226,-0.890411173292959,-0.728571917450941,-0.572214472223892,-0.263086333635298,34190.0301174751,1.00000372020901,"programmer-doubt"
"B_s[3,75]",-0.149977162491605,0.00131641142346569,0.241947108344133,-0.629120817972152,-0.309622608482593,-0.147478384013832,0.0119874026972582,0.316910524917746,33779.839928424,0.999880426481825,"publisher-doubt"
"B_s[3,76]",-0.080113490231218,0.00135413669363275,0.243147082809754,-0.551757994651365,-0.243881862307299,-0.0857933873403046,0.0806788562201604,0.404850057735439,32241.3422542737,0.999912624618899,"reporter-dissuade"
"B_s[3,77]",1.1189243262237,0.00127946557087867,0.247954525513381,0.647243771710439,0.951782518300751,1.11235212672498,1.28241325827846,1.62704006811179,37556.6520381635,0.999888039772007,"runner-doubt"
"B_s[3,78]",0.462350941276294,0.00124525330002862,0.236483918086829,-0.00183922640297803,0.306202589942844,0.462540158095065,0.619060929619614,0.927580322437028,36065.1565554154,0.999865946921685,"sailor-complain"
"B_s[3,79]",-0.0862568296622093,0.00130966756654339,0.238285940793782,-0.559489952881984,-0.244279669354178,-0.0853013856144811,0.0710627728458764,0.383285126230182,33103.5594172992,1.00004075458621,"salesman-wish"
"B_s[3,80]",0.430364276838263,0.0013676694887654,0.247219762960532,-0.062401493020648,0.268498175278319,0.431985247347518,0.597080096066484,0.90932946201454,32674.1316513766,0.999935266600195,"scholar-dissuade"
"B_s[3,81]",0.0586509650676681,0.00149853961284944,0.24730453366261,-0.443466813145918,-0.101930054214852,0.0640433660363357,0.225974018162314,0.528852711938444,27235.0201357663,1.00000381158085,"scientist-disprove"
"B_s[3,82]",0.992199048520681,0.00258070798703881,0.285398287499776,0.44336677065582,0.798214253305877,0.988780825168843,1.1815469530573,1.56767678025028,12229.9587962947,1.00000592703665,"secretary-fear"
"B_s[3,83]",0.719163123240244,0.00139690527221299,0.25311291735808,0.235566993544996,0.547954427476697,0.714021161710554,0.882908148428556,1.22682367874757,32831.8009463864,1.00003359665062,"shopkeeper-doubt"
"B_s[3,84]",-0.374479264843582,0.00130814112778139,0.239954529571596,-0.842131719567134,-0.535633211404585,-0.374321287753811,-0.214856495608927,0.100880673532098,33647.1825809331,0.999871306007581,"singer-wish"
"B_s[3,85]",-0.433617480092046,0.00152296547024693,0.251837065530189,-0.938457734681332,-0.601936338097631,-0.428794584485046,-0.262289442032751,0.0441581900741093,27343.8200170728,0.999925786458874,"soccer player-love"
"B_s[3,86]",-0.47853542187953,0.00128785098086509,0.245023573824826,-0.958943456581939,-0.641494959082166,-0.479477865390511,-0.31643709860417,0.00975185884332224,36197.9948506289,0.999858476070248,"soldier-fear"
"B_s[3,87]",-0.197968395238096,0.00141044082697143,0.244358936988373,-0.670083439714526,-0.363091914391745,-0.200665890399886,-0.0377744309944802,0.299338314351766,30015.5781528714,0.999906750624729,"strategist-tell"
"B_s[3,88]",-0.263956220698465,0.00136276606784982,0.247473968249145,-0.767301466228825,-0.422763483214353,-0.259545866862072,-0.0968878382875225,0.208256131977274,32977.4007495881,0.999879995589163,"swimmer-like"
"B_s[3,89]",-0.766574293257334,0.0013562520497072,0.24704832961859,-1.26607287419344,-0.928707896317338,-0.762302084848689,-0.597719563629545,-0.297556902295061,33180.5078222771,1.00001133970386,"teacher-apologize"
"B_s[3,90]",-0.461226623399928,0.0012672731070503,0.247630307099998,-0.951521563651062,-0.625113318588329,-0.458568028816682,-0.295400829992372,0.0155563989504666,38182.7456941667,0.999858039070755,"therapist-convince"
"B_s[3,91]",-0.323725574332383,0.00131081694835591,0.245754302219566,-0.79751262519247,-0.487249385052549,-0.325199854389688,-0.163248798463334,0.16972315455948,35149.4199738303,1.00002608361099,"tourist-regret"
"B_s[3,92]",0.55940217380989,0.00131105396124231,0.239482622553608,0.103157401222122,0.395285222865982,0.554553871607951,0.715330764709305,1.0440390320817,33366.2098408305,1.00002861643524,"trainer-persuade"
"B_s[3,93]",-0.4821020871755,0.00125629528653394,0.24135982962163,-0.966929291143284,-0.641897957639054,-0.479671194975926,-0.319796350471062,-0.0163300012492469,36910.2103707001,1.00002507913377,"travel agent-hope"
"B_s[3,94]",1.19184585415687,0.00169826810419958,0.256936916634736,0.714389991950333,1.01632453258099,1.181956049447,1.35921238665968,1.71987086089774,22889.7215764611,0.999912059961824,"uncle-apologize"
"B_s[3,95]",0.571626026763447,0.00130024616324515,0.240757559411314,0.101237191730767,0.412191936731277,0.570037272768804,0.728248929830733,1.05290706156652,34285.3590937636,0.999889822578155,"waiter-worry"
"B_s[3,96]",0.557134491644808,0.001352737258803,0.242742841076283,0.0884052204074625,0.397042166915559,0.554512809985145,0.713905911948186,1.0488528530141,32200.74777508,0.999968810130017,"zookeeper-tell"
"B_s[4,1]",0.3311482414856,0.00163340575737715,0.337579851354602,-0.340720046194808,0.105218718582667,0.333006833253436,0.560675985400993,0.988751376587404,42713.4716354909,0.999942076500629,"accountant-know"
"B_s[4,2]",0.0898538264479325,0.00180391671438368,0.354510591613538,-0.602876234030821,-0.149881908844364,0.090348903727259,0.32925878735975,0.784387288644667,38621.1734297726,0.999942647198124,"actor-hate"
"B_s[4,3]",0.694418459419748,0.00172454658912201,0.34694369083351,0.0199169354854409,0.45896797120683,0.692880828003237,0.923977883668023,1.3912175134781,40473.2542864456,1.00000354756737,"analyst-notify"
"B_s[4,4]",-0.381481077612051,0.00167798447593042,0.344493691664752,-1.05760943321771,-0.614600249778296,-0.380267663914738,-0.148244859302912,0.28619400311324,42148.9412501419,0.999883869255487,"assistant-wish"
"B_s[4,5]",-1.32641834771506,0.00174661331706086,0.357087966535898,-2.03383981635443,-1.56510977157208,-1.32297326064999,-1.08533460506081,-0.633705943973317,41798.1342152138,0.999991514896122,"baker-know"
"B_s[4,6]",-0.762800511197686,0.00171480459716897,0.345676432164404,-1.4265834483293,-0.997923370519101,-0.767698559937041,-0.532346515459459,-0.0730119293571455,40635.9356033505,0.999914136984131,"basketball player-hate"
"B_s[4,7]",0.366486124878534,0.00173437139824351,0.345063363691779,-0.306322697824421,0.133610119384802,0.366933964175552,0.598457041365854,1.04594935929779,39583.4366590821,0.999949904815986,"batter-worry"
"B_s[4,8]",-0.873267490526633,0.00195976199703578,0.362941296883173,-1.57949495937695,-1.11627240361785,-0.873754426018496,-0.633314890187283,-0.154306095204597,34297.78787566,0.999922036760291,"bookkeeper-lie"
"B_s[4,9]",-0.158202474215157,0.00208751652192967,0.365898159006383,-0.882483581807483,-0.406386378760394,-0.153233043246244,0.0896546792365161,0.548966631741501,30722.78671064,0.999857659634597,"boss-tell"
"B_s[4,10]",-1.17262073621444,0.00168148300769181,0.346748860014061,-1.8582594176213,-1.40531290580771,-1.17239483662137,-0.941773764424613,-0.488568871923947,42525.0779251045,0.999932514414847,"bouncer-dissuade"
"B_s[4,11]",0.114459997230879,0.00180327779028331,0.353974376923448,-0.58865730982443,-0.122480687432005,0.117872291136982,0.352256183929057,0.802539750727572,38531.7189871335,0.999926852992309,"bricklayer-complain"
"B_s[4,12]",1.01821690006676,0.00179069060743345,0.345774053653865,0.353740631668642,0.781531164068487,1.01864752453807,1.24823293226225,1.70897871825266,37285.8193826533,0.999940307351768,"businesswoman-boast"
"B_s[4,13]",1.10091692897931,0.00166088336923645,0.340698057006377,0.445958164282157,0.871140371657738,1.0995487960762,1.33079096473107,1.77073781733373,42078.5766285082,0.999983701332161,"chef-love"
"B_s[4,14]",-0.559157388560316,0.00170150254485718,0.347721028710054,-1.2275153722017,-0.796124947956868,-0.561564096182614,-0.323935154357336,0.122399718766886,41763.4824914829,0.999945904013256,"chemist-lie"
"B_s[4,15]",-0.556002842876027,0.00174087615414652,0.349910801779667,-1.24252295543388,-0.791579646778895,-0.554758484113507,-0.322350985333977,0.129542461057446,40399.7749411421,0.999980474672939,"child-apologize"
"B_s[4,16]",0.268164492909275,0.00167654746455988,0.344063072541751,-0.405722034180036,0.0340003690545001,0.268794947814605,0.50142940520094,0.940244188583033,42115.7384832125,0.999984856068611,"clerk-apologize"
"B_s[4,17]",0.227338961113148,0.00170448252688137,0.336259929078422,-0.42010266035495,-0.000570332529295302,0.225003075073029,0.450049687810999,0.89813504180204,38919.3095508634,0.999913425659444,"climber-like"
"B_s[4,18]",0.341877804803067,0.00164678628933307,0.336577073372338,-0.316329646685651,0.116172123272712,0.342144489304986,0.567558112381799,1.00456901367148,41772.8950180009,0.999913488992682,"coach-congratulate"
"B_s[4,19]",-0.637930476250799,0.00180054476914109,0.357486395306399,-1.34015051144004,-0.875573492795718,-0.636397916827986,-0.396397501703835,0.0562697695328484,39419.5070428774,0.999896688015319,"concierge-convince"
"B_s[4,20]",-0.903983672242705,0.00173186241333892,0.354521682520581,-1.60643854414708,-1.1388874991578,-0.901796578094767,-0.666704694773391,-0.211974366642412,41904.3231177887,0.999956868869966,"conductor-congratulate"
"B_s[4,21]",-0.284266440027032,0.00173391186811037,0.339288097323192,-0.951275104431747,-0.514670481262899,-0.285728763832289,-0.0576818184851849,0.380688635317589,38289.8098943279,0.999866128017706,"congresswoman-regret"
"B_s[4,22]",-0.0743921208022825,0.00168306481730063,0.336522022593181,-0.733108854601342,-0.297178626045334,-0.0768435170433643,0.146823062713286,0.590906654518422,39978.3897609852,0.999908372515751,"contractor-mislead"
"B_s[4,23]",-0.0877873766555994,0.00172891369627688,0.342518968737941,-0.765209798740964,-0.317616779070116,-0.0847036871180461,0.143481181857154,0.578730285266979,39248.4604632728,0.99996634869111,"coroner-persuade"
"B_s[4,24]",-0.694546888005113,0.001667343630525,0.341942935268617,-1.35442226249589,-0.928995009745685,-0.696399297157912,-0.464048079706371,-0.0217098277926034,42058.8158560335,1.00000456627952,"curator-like"
"B_s[4,25]",0.845503740594083,0.00172622749338348,0.342072811207126,0.180826640458456,0.614065678405478,0.84696705544672,1.07601290927021,1.51825047693556,39268.2054878656,0.999921110789955,"cyclist-think"
"B_s[4,26]",-0.168333637455805,0.00168610274724071,0.347571145841261,-0.849187122544475,-0.40065111408281,-0.166943381215426,0.0636603861180469,0.513244415474945,42493.1923580916,0.999881962742509,"dancer-boast"
"B_s[4,27]",0.542462246564815,0.00164783227709352,0.340746507702479,-0.118555818346432,0.310462923120485,0.544146542001883,0.774538868257693,1.21259336854428,42759.9133169655,0.99990274545498,"daughter-convince"
"B_s[4,28]",-1.02430278047822,0.00177340203071597,0.354572289049959,-1.73101151237495,-1.26102250973228,-1.02061901590111,-0.787433298031386,-0.340316985942966,39975.6173472869,0.999924575615484,"defendant-hope"
"B_s[4,29]",0.633732376435184,0.0016445450679534,0.334893082659167,-0.0177777005064742,0.406710364812263,0.629970984304872,0.855097499241129,1.30452464320354,41468.7357224601,0.999842386607219,"deliveryman-regret"
"B_s[4,30]",-0.81453062976519,0.00166635395437901,0.347952955880343,-1.49831331379809,-1.04960660439504,-0.815537074672946,-0.579941708585988,-0.131294207682879,43602.013749705,0.999945200714663,"detective-disprove"
"B_s[4,31]",1.29924832516369,0.00187969983295981,0.346132328901679,0.636161568293717,1.06414992060846,1.29248802584404,1.52376778810898,1.99129940721691,33908.4020003647,0.999852014102205,"director-congratulate"
"B_s[4,32]",0.979803409078137,0.00165846451335833,0.343514819874135,0.312357175789965,0.745873185341817,0.977099066998254,1.20887040901652,1.66187325304936,42902.1038388835,0.999911582023536,"dishwasher-complain"
"B_s[4,33]",-0.967911920605447,0.00202591358427826,0.358390534506275,-1.6815554482348,-1.20836010263602,-0.962536797805541,-0.721713413100111,-0.284383209020456,31294.7314340432,0.999942875029805,"diver-fear"
"B_s[4,34]",-0.14607735283057,0.00161305380108754,0.341155276843448,-0.832815790493835,-0.37136309559291,-0.141697935374317,0.0851004184686509,0.511249894057849,44730.7809459854,0.999896779846363,"doctor-think"
"B_s[4,35]",-0.751676177699999,0.00187333400156878,0.363709651097695,-1.47000851494754,-0.996440560522044,-0.752088087691279,-0.505646030338884,-0.0485304520818383,37694.606937144,0.999922708685733,"driver-regret"
"B_s[4,36]",0.34810306792034,0.00178066351715483,0.360992152470317,-0.351152959448338,0.10428006207207,0.347695249950582,0.591405048955161,1.0567068331678,41099.0516081551,0.999884094242028,"economist-mislead"
"B_s[4,37]",-0.358577930374906,0.00181097642202249,0.347974697180004,-1.02962240020767,-0.594115553133675,-0.359893302319065,-0.126781706843901,0.325817737253835,36920.6840650569,0.999929166495368,"electrician-disprove"
"B_s[4,38]",-0.754350111138869,0.00180332585251338,0.345412716620819,-1.44093116942696,-0.984405466681634,-0.75068906822217,-0.52024715407158,-0.0845525722160767,36688.3539467909,1.00002822180941,"engineer-persuade"
"B_s[4,39]",-0.184450457492547,0.00172596439960095,0.353645567656484,-0.875307429979612,-0.423994969951344,-0.185332531498509,0.0556993828926836,0.508828045556538,41982.9325806606,0.999960179493509,"executive-know"
"B_s[4,40]",-0.459630437807089,0.00179141782113115,0.354388111709863,-1.16557999602267,-0.695670053057267,-0.456722715779495,-0.220819245991432,0.233431691258973,39134.9252556732,0.999879803046709,"farmer-persuade"
"B_s[4,41]",0.111445535728093,0.00179685986385472,0.355090300412142,-0.587353332314923,-0.126682439903489,0.109285579080961,0.345305468643646,0.816505605120692,39052.5325120697,0.999886999771387,"filmmaker-lie"
"B_s[4,42]",-1.24551742421329,0.00179302245571944,0.348626860614027,-1.93074594039703,-1.4799996912384,-1.24572084383529,-1.00904207987571,-0.561648854256355,37805.0862178037,0.99990292356301,"fire fighter-boast"
"B_s[4,43]",0.458481765896775,0.00174809217260618,0.339072836688465,-0.194245711714046,0.229448007648648,0.456582559949885,0.686049392446997,1.14020351509227,37623.3396150876,1.00000303355323,"fisherman-love"
"B_s[4,44]",0.30730900234205,0.00209145891990485,0.363743349655314,-0.407983995069825,0.0643575023498865,0.307175007482431,0.554339538660007,1.02243685008064,30247.6365750415,0.999934323456354,"gambler-like"
"B_s[4,45]",0.31174362369318,0.00172487172235887,0.349221190733208,-0.374525505975355,0.0775123022245898,0.311424856883525,0.547312737996651,0.997098627106135,40990.9112313012,0.999867507781539,"gardener-remember"
"B_s[4,46]",-0.152581265843084,0.00189910367465962,0.356308758970573,-0.845326752227545,-0.395578569631554,-0.15268464380328,0.0870814855580884,0.552183402969699,35201.052493356,0.999880149947556,"guitarist-worry"
"B_s[4,47]",-0.0295096940248426,0.00178046665644892,0.345797410086811,-0.71247444332758,-0.261081203271901,-0.0332097945537253,0.202594251479557,0.655001397255516,37720.355982766,1.00001301459782,"hacker-boast"
"B_s[4,48]",0.397759817745128,0.00172175347310975,0.334055641445332,-0.258961763876124,0.175040351482983,0.397438739718704,0.622368119086832,1.05676942121313,37643.9931207988,0.999945148909632,"hiker-remember"
"B_s[4,49]",1.29408774985705,0.00164891493599712,0.337661273934011,0.641144469226767,1.0648243834957,1.29172547366271,1.52189532981327,1.96203588380429,41933.9724475284,0.999908006324852,"homeowner-hate"
"B_s[4,50]",-0.840897599895592,0.00185262794722077,0.359613032854066,-1.55009892137587,-1.08314988740842,-0.837799599947688,-0.596568135235321,-0.144162140863605,37678.5709836217,1.00001064159863,"inspector-convince"
"B_s[4,51]",-0.209464031025427,0.00186608094129538,0.351016767053057,-0.898520772603638,-0.444348787997505,-0.20750570576947,0.0262248370421461,0.473632978224909,35383.0095129766,0.999999413761847,"jeweler-remember"
"B_s[4,52]",-0.740265159963778,0.00181616431917855,0.354165621195081,-1.44042325984105,-0.976304091509196,-0.739141064919422,-0.502910056436948,-0.0556965355260715,38027.9159773834,0.999874904398488,"journalist-worry"
"B_s[4,53]",0.386217599123964,0.00169999670282577,0.353066393595497,-0.312755908204016,0.151945766568387,0.38453907845436,0.620958238014613,1.08155117304269,43133.6892151014,0.999945438660792,"landlord-hope"
"B_s[4,54]",0.255678225761191,0.00168526732598585,0.337756551837034,-0.396497357765111,0.0252977028864835,0.251894664643566,0.481018147445483,0.922413858376373,40167.0524174276,0.999865157322686,"lawyer-disprove"
"B_s[4,55]",-2.19234875834241,0.00195281362507286,0.360586900637232,-2.90404470421165,-2.43262011518777,-2.18886691928202,-1.94778933463975,-1.49443602583512,34095.5969259555,0.999929057289867,"liquor store owner-tell"
"B_s[4,56]",0.247107503114432,0.00193667542097834,0.356945497302037,-0.447591098694628,0.00576713299091765,0.247039850294289,0.487381022031479,0.94585249564217,33969.5766305482,1.00009893999826,"literary agent-mislead"
"B_s[4,57]",0.155507991260487,0.00178087648620782,0.346912391715216,-0.524460097300612,-0.0774066234718184,0.152129941004042,0.388973595329648,0.836564563419894,37946.5263770513,1.00004157465512,"little girl-fear"
"B_s[4,58]",-0.247092229259686,0.00170175831390789,0.347314595618334,-0.925217842156377,-0.479158753445888,-0.247815826598818,-0.0136115205653021,0.438437030048636,41653.3856326583,0.999869349941239,"mechanic-notify"
"B_s[4,59]",-0.563369608090325,0.00172336121767438,0.356551394414817,-1.26712268528599,-0.802856987195814,-0.56403275846192,-0.328035175043032,0.136623559124888,42804.7187328524,0.999897940169173,"model-complain"
"B_s[4,60]",-0.699460030443036,0.00172619586939216,0.348611574283897,-1.38967550713017,-0.932808514334801,-0.697800312654864,-0.465169698405399,-0.0180089422841035,40785.2809238727,0.999938516219706,"moderator-congratulate"
"B_s[4,61]",0.262707270048019,0.00183115508752417,0.349080191652809,-0.421664730604494,0.0296023418389015,0.260624267136869,0.495575416661496,0.947980115652314,36341.2746290121,0.999904859638134,"mother-lie"
"B_s[4,62]",-0.829629043907164,0.00181661657427007,0.359247548457299,-1.53392792508475,-1.07226192449369,-0.826163405369678,-0.590371145886541,-0.126720046253537,39107.5925542403,0.999984788333197,"mother-remember"
"B_s[4,63]",0.682877983803931,0.00183164000037155,0.354375787594715,-0.00274025730504907,0.446388825074313,0.678773878900104,0.915921899152005,1.39501983660239,37432.414756448,0.99992799233425,"musician-hope"
"B_s[4,64]",-0.461807044875208,0.00183349377312922,0.347164757455107,-1.14298742306751,-0.693747446667927,-0.462391233015079,-0.229511407172425,0.224539229143737,35851.9171111842,0.999992225994064,"nanny-dissuade"
"B_s[4,65]",-0.334648431287769,0.00177536848604158,0.343928329293649,-1.01338256957938,-0.567350720869234,-0.332904559175768,-0.1008434641214,0.337798102595505,37528.2995822626,0.999972486859318,"news anchor-notify"
"B_s[4,66]",0.403907805593586,0.00165770703745222,0.341809069018311,-0.268842786373921,0.17579483018753,0.404013515429554,0.631751547328823,1.06793692758139,42515.9218867705,0.999946827470929,"nurse-know"
"B_s[4,67]",-0.181325515896088,0.00163646762503537,0.343588108717391,-0.870798721295714,-0.412415801045122,-0.1775353206082,0.0511128841271683,0.478506763919709,44082.0125591314,0.999896366283677,"painter-think"
"B_s[4,68]",0.337019084478035,0.0017034452123256,0.339381851071554,-0.320975280063348,0.107450801966,0.332603063133125,0.564144397780714,1.0155410037958,39693.6364962688,0.999863591824551,"paramedic-hate"
"B_s[4,69]",-0.817410596819078,0.00183143320229923,0.351492543010692,-1.50045007591798,-1.05823741607576,-0.816142869689318,-0.578430573460259,-0.125636600814238,36834.1001844946,0.999989527840524,"pharmacist-notify"
"B_s[4,70]",-0.997371953766661,0.00171554062717866,0.338943930049027,-1.65935630272862,-1.22355081055457,-1.0018139315847,-0.772270873331369,-0.324382086820434,39034.9571309717,0.999950172489172,"pilot-mislead"
"B_s[4,71]",0.214984240910968,0.00167839564360021,0.352746111813297,-0.468329674416612,-0.0243453568909458,0.213968896583407,0.454250332322838,0.905102721449807,44170.8527355171,0.999990013275602,"politician-wish"
"B_s[4,72]",-1.30804071619549,0.00178764040564777,0.355849477395766,-2.01169721411648,-1.54595835660534,-1.30773109172439,-1.06704364937916,-0.61858239389924,39625.2796291285,0.999919490609205,"priest-love"
"B_s[4,73]",-0.003313931754634,0.00168317381076853,0.340079875008815,-0.683856964138215,-0.229993342773578,-0.00253877530579085,0.227842979415451,0.657967089943861,40822.9076374828,1.00000610087117,"professor-think"
"B_s[4,74]",-0.0983095879922918,0.00169322412400031,0.337743488875026,-0.745758565507058,-0.327375484055564,-0.103668008628978,0.126671183691977,0.582832123296339,39787.3556333279,0.999977527864797,"programmer-doubt"
"B_s[4,75]",0.386445730389994,0.00169168046898739,0.334709209003179,-0.253929974877675,0.160214613621118,0.379783323729491,0.607763321768489,1.05768642399504,39147.0150121825,0.999900376936954,"publisher-doubt"
"B_s[4,76]",-0.144912046388661,0.00168495170874472,0.344711023834131,-0.822448592044377,-0.378333361663515,-0.14408482316579,0.0887597556610464,0.529221084906987,41853.8513907824,0.999977825866836,"reporter-dissuade"
"B_s[4,77]",0.968401363522808,0.00167750070841265,0.341769536242291,0.308822250788295,0.737554426706065,0.966105105928662,1.19564415349918,1.64490728727951,41508.9046970033,0.999878296171295,"runner-doubt"
"B_s[4,78]",-0.189010046979567,0.00169781040874194,0.344897755916875,-0.861994506893739,-0.418639966505176,-0.189075403451718,0.0404637868144353,0.48961940979638,41266.9482827893,0.999987326324194,"sailor-complain"
"B_s[4,79]",0.489917432036035,0.00174453509438612,0.343271016070078,-0.174861903528837,0.260011392267402,0.486871132474142,0.718733981862854,1.17581856144821,38718.1724739487,0.99988831983547,"salesman-wish"
"B_s[4,80]",0.240030061253793,0.00170637484400557,0.349106091056961,-0.434847545822449,0.00307609947536578,0.239009193051524,0.474538435340339,0.934213711565789,41856.7951471428,0.999923411883172,"scholar-dissuade"
"B_s[4,81]",0.307955545223565,0.00179777380489147,0.343928651908624,-0.352625150065514,0.0749382623816563,0.307758464252202,0.539874188979266,0.991855029892309,36598.780839175,0.999900135452143,"scientist-disprove"
"B_s[4,82]",-1.40297285180143,0.00236095059835557,0.359042305944203,-2.11208798932874,-1.64454346359952,-1.40201606563225,-1.15835142193654,-0.715074209588956,23126.9014323287,0.999924100027224,"secretary-fear"
"B_s[4,83]",0.575028594655175,0.00174232929139206,0.35009649067127,-0.0927986544232877,0.337787534563437,0.570069990043904,0.811183158130637,1.26745789374827,40375.2327740284,0.999963233630485,"shopkeeper-doubt"
"B_s[4,84]",-0.892310027479222,0.00173470065653153,0.358013983806241,-1.60480220454778,-1.13067978506567,-0.887359975673505,-0.652277773840508,-0.186970182844746,42594.2420760602,0.999965323089979,"singer-wish"
"B_s[4,85]",-0.383959868409524,0.00179143989931415,0.35226259078293,-1.06619896883973,-0.622331427721178,-0.387578552609737,-0.150795457563892,0.314974065681982,38665.9392609119,0.99997897873016,"soccer player-love"
"B_s[4,86]",0.101998964153199,0.00162683755943063,0.336688165562818,-0.558059296946475,-0.122774514107273,0.100512047775737,0.326659730367062,0.769061652539705,42831.8982012893,0.999866039104896,"soldier-fear"
"B_s[4,87]",-0.650000612228237,0.00179082400725851,0.351754286823906,-1.34253279928246,-0.884471263531169,-0.649655594523107,-0.412758709810598,0.0345266920417463,38580.9557652429,1.00012917909388,"strategist-tell"
"B_s[4,88]",0.00755554591392152,0.0017187460175396,0.347041169779288,-0.669453703906509,-0.227163883521989,0.00557760513746355,0.237425709217907,0.689841914634619,40769.8005974632,0.999891710409483,"swimmer-like"
"B_s[4,89]",-0.839472740475551,0.00172086615198892,0.352102336441893,-1.53880521947518,-1.07346880592697,-0.837226456321243,-0.603169943595645,-0.156002392513165,41864.2802415632,0.999981009747475,"teacher-apologize"
"B_s[4,90]",-0.265497178975222,0.00166369398646405,0.351202249913495,-0.966336310693835,-0.500377223691102,-0.266240656489587,-0.0262392489604659,0.415794868138144,44562.3089520752,0.999865915490535,"therapist-convince"
"B_s[4,91]",-0.573419753258947,0.00170989228341083,0.357079421997869,-1.27745136259305,-0.817807371222006,-0.573474131946137,-0.333766191307351,0.124987424253022,43610.6079998146,0.999911368142637,"tourist-regret"
"B_s[4,92]",0.350669176675815,0.00168527427140024,0.350329904343017,-0.330719106995859,0.112350784818315,0.349628378062878,0.587538647388323,1.04295906706627,43212.8828082539,0.999914652921936,"trainer-persuade"
"B_s[4,93]",-0.488560614524131,0.00161009782362429,0.349846544260693,-1.17864973921646,-0.724112869841159,-0.485439679764436,-0.251552410218535,0.197721366620823,47211.81001257,0.999914964632169,"travel agent-hope"
"B_s[4,94]",0.0778112300282358,0.00187514114275604,0.351638147207256,-0.611361733587074,-0.159704343015164,0.0817386213778353,0.313852228527966,0.762113915660638,35166.0865356517,1.00005955270507,"uncle-apologize"
"B_s[4,95]",-0.257681389670265,0.00168004116123113,0.339425743124289,-0.92774196306012,-0.483762058987042,-0.256942000565911,-0.0278513215345046,0.39943467896652,40817.8110303891,0.999939786989606,"waiter-worry"
"B_s[4,96]",0.194697735659925,0.0018755252165866,0.355058383239925,-0.499509132865832,-0.0454661663223749,0.194173559824691,0.435242970284672,0.890359916694872,35838.8220681933,1.00002831902841,"zookeeper-tell"
