scenario,polarity-tense,2.5%,25%,50%,75%,97.5%,mean,sd
accountant:know,positive-past,-2.37693435214039,-2.1354736743711,-2.0085099825904296,-1.88906152764997,-1.6643662011254299,-2.0128557048465665,0.1815786928049752
accountant:know,positive-future,-1.920172433701063,-1.4882807951442878,-1.274838832971571,-1.0606086409179252,-0.6628856836383801,-1.2777180112750406,0.3214082335282871
accountant:know,negative-past,-1.12842186496325,-0.7383874891949604,-0.53183107663098,-0.3264708088599797,0.05747408102170004,-0.5325757256579733,0.3049417894445457
accountant:know,negative-future,-1.481603960818799,-1.1301497351800949,-0.95330535255268,-0.77405849836652,-0.4449775505090805,-0.9551525284582094,0.2640278107711141
actor:hate,positive-past,1.08832226063724,1.30236703383022,1.4147648037540201,1.52745603109672,1.74873920654695,1.4156026523579694,0.16761202930416086
actor:hate,positive-future,-0.2554141613654701,0.18260431817681,0.3947976848396231,0.6054304167348559,0.9894043226283358,0.38875607201440454,0.31740046655137166
actor:hate,negative-past,0.1879505342788601,0.55841556548727,0.754125572522548,0.9544804485329611,1.3531645809325168,0.7580118662231579,0.29628963176949696
actor:hate,negative-future,0.22413392067860993,0.55307209085024,0.727857651513834,0.9077071893116249,1.249461596480372,0.7305562190687855,0.2616612131535571
analyst:notify,positive-past,-2.5936938681843102,-2.34860250666287,-2.22369712147488,-2.10180252959365,-1.8758232369922399,-2.2267305661362586,0.18259105727857267
analyst:notify,positive-future,-1.695194910024536,-1.2781266427572338,-1.0672562768298899,-0.8602316854564502,-0.4674587100125296,-1.0705067364482126,0.3138614811468788
analyst:notify,negative-past,-1.8234023323046302,-1.4193874493319658,-1.2179076139214098,-1.0194204508223104,-0.6468987914676203,-1.2228402125276312,0.2988409831734169
analyst:notify,negative-future,-1.4212519738462848,-1.046052542698732,-0.8508096353609802,-0.6468748256751602,-0.2530272213475302,-0.8459070831122916,0.29751416387057883
assistant:wish,positive-past,1.20306319587077,1.43664645469422,1.5612613716271002,1.6916238248253,1.9433796513960901,1.5648168412706758,0.18861456306135907
assistant:wish,positive-future,-0.2456258980068502,0.1542714575019799,0.3710272805319299,0.5919432123557802,1.0324417950890399,0.3764623321828195,0.32628849540914184
assistant:wish,negative-past,0.22667488691541005,0.6128766219855759,0.8114624926153899,1.00314952614146,1.380641640481124,0.8089385827240941,0.2928673906879456
assistant:wish,negative-future,0.2786636554192701,0.6245768259459218,0.803642054599159,0.987681965931701,1.3359658515209691,0.805886785506645,0.2689578096582442
baker:know,positive-past,1.8531179602891201,2.07715727924216,2.1984335277538802,2.32148845035256,2.5675763956959,2.20174164045494,0.18121112346173965
baker:know,positive-future,0.8391057808523101,1.2145100079486695,1.416758669890225,1.6328749681319321,2.054102722700986,1.4264234947418082,0.3089844831409004
baker:know,negative-past,1.0907660174809508,1.4606656176969999,1.6528874974364312,1.853300117923649,2.2404067617921033,1.6566633491776999,0.2917284583205732
baker:know,negative-future,0.8801286110537798,1.242977906080006,1.4257348079578969,1.6089896012375489,1.9691631346831058,1.4254637073898002,0.275933805601483
basketballplayer:hate,positive-past,1.31181343162302,1.50617574777989,1.60828673413954,1.7121482940138502,1.9137070816887098,1.6098906408770648,0.15237012996390767
basketballplayer:hate,positive-future,-0.40753140870721016,0.004632882988010012,0.20314515856687,0.40103226997422403,0.771751632320783,0.19867360766509592,0.2997622106004804
basketballplayer:hate,negative-past,0.47694023983580003,0.8604324290525621,1.0673105514334948,1.267916739649565,1.680135458304255,1.0672691742789113,0.3047472381910041
basketballplayer:hate,negative-future,0.6320392973229207,0.9567181437971602,1.131217330668885,1.312360844777953,1.6729854945170248,1.1378156164532187,0.2667885230442273
batter:worry,positive-past,1.70478018530546,1.9090883569084098,2.01881985619724,2.13298665189351,2.3529221731787797,2.0223348859493266,0.16581680393182044
batter:worry,positive-future,-0.5359608613576801,-0.11324624356843982,0.10095371629039973,0.3070804972974901,0.6890536097350102,0.09258182488575498,0.31385174678388983
batter:worry,negative-past,1.2913715952794749,1.6370973534214701,1.829558466477579,2.0220158596737723,2.403189514500712,1.832762668000023,0.2836484398210762
batter:worry,negative-future,0.5461244940006302,0.92073078600926,1.1175325107217442,1.3124492739526847,1.6817625973600627,1.1161459110632101,0.28935719366365276
bookkeeper:lie,positive-past,1.2684262091503202,1.4955204997199898,1.62062483388331,1.7481637086237902,1.9962000580075703,1.6237811620597404,0.18582839171872692
bookkeeper:lie,positive-future,-1.4398188306778699,-1.0032613702855098,-0.7815521580850902,-0.5572009319688398,-0.13263169705331013,-0.782041771692117,0.3324606553123317
bookkeeper:lie,negative-past,0.5622869697181858,0.9239315419362459,1.113253627860863,1.3111847317689982,1.6961044817793365,1.1189260738709312,0.28849410421539246
bookkeeper:lie,negative-future,0.10471077648446991,0.43515138885724813,0.6107677526203501,0.7832907992945479,1.1356795999960911,0.6113733949589758,0.2615028327355332
boss:tell,positive-past,-1.71169491621674,-1.45408681319972,-1.3266551824348898,-1.2000550238193601,-0.9661694990338481,-1.3301020027044161,0.18994162786010568
boss:tell,positive-future,-1.6493179560734939,-1.229309388291726,-1.0229508974719268,-0.817143428365934,-0.4380313766565328,-1.0271356012397013,0.30895523344697484
boss:tell,negative-past,-1.368283546052374,-0.996651532277051,-0.810026383009505,-0.6287416092725979,-0.2848073369652111,-0.814205506756166,0.27532766746189413
boss:tell,negative-future,-1.3326952337540738,-0.9757909264698897,-0.796385179374932,-0.614362436712978,-0.2733475695674601,-0.7968660042324625,0.27027858900734286
bouncer:dissuade,positive-past,1.80431775226595,2.01820357842097,2.13604941371415,2.2570954514198704,2.5011569638203097,2.1397296844608924,0.1773829898669719
bouncer:dissuade,positive-future,-0.6074386032674,-0.1884074391516699,0.030746682587400098,0.2537287189495898,0.6737271617687799,0.031767290502104965,0.32759463925845533
bouncer:dissuade,negative-past,-0.07959534590946049,0.2920014636667101,0.4919323809389402,0.6885610322991798,1.0673178727829495,0.4915141798814901,0.2930124672144543
bouncer:dissuade,negative-future,0.12446566121182023,0.4647704217855504,0.6462109236631499,0.82862188988472,1.1792241240661,0.6471006594328558,0.2687118189723853
bricklayer:complain,positive-past,-2.60909798739732,-2.36300727628362,-2.24019698882479,-2.1183794619787903,-1.89493605131869,-2.2431967727254682,0.18232057429183024
bricklayer:complain,positive-future,-0.7046304752730201,-0.23432913591938975,-0.004521002787259754,0.21961596680564943,0.63219995282325,-0.011985315149746984,0.34037589521652994
bricklayer:complain,negative-past,-2.2749393359746324,-1.8793414497746448,-1.678476088594708,-1.4870997949535472,-1.1153403553629397,-1.6855679334651144,0.29571764887490287
bricklayer:complain,negative-future,-1.692677181437007,-1.3426750669673375,-1.15360231553921,-0.9746391094686402,-0.62989096868287,-1.1579602556621444,0.27287697628411395
businesswoman:boast,positive-past,-2.38664296572204,-2.1729925579978304,-2.06633924722968,-1.95657415488605,-1.75983402782155,-2.0669726269605855,0.15962569703387838
businesswoman:boast,positive-future,-1.419713156020932,-1.012529534249029,-0.7913686513241502,-0.5660357796703799,-0.10999049469083988,-0.7858434262682316,0.3326179745570497
businesswoman:boast,negative-past,-2.174031150684669,-1.788847330369487,-1.5930073523712738,-1.4007667383368552,-1.04074295560558,-1.5971175092641992,0.2896886383932552
businesswoman:boast,negative-future,-1.781000177098774,-1.423252566609158,-1.2383680418237157,-1.057162491373384,-0.7127573027257399,-1.241202919525386,0.272752859569728
chef:love,positive-past,-2.4427948026987996,-2.2291317929904304,-2.12019279303963,-2.01351321198711,-1.81671649470366,-2.1223565072531314,0.1592935450818959
chef:love,positive-future,-1.4803924933010038,-1.073275491033864,-0.8516421541504302,-0.6309331223599501,-0.18988443320617,-0.8483978549012737,0.3293238785142255
chef:love,negative-past,-1.2628021614353178,-0.867640989145632,-0.6710930465716798,-0.4775689334972002,-0.10871083357920996,-0.6745527882787514,0.29174635943455407
chef:love,negative-future,-1.21267260307138,-0.8551040518068402,-0.6658731618429901,-0.47836531689631046,-0.1272644342963598,-0.6673421301297865,0.2779416047557562
chemist:lie,positive-past,-2.14005083422689,-1.8960093853475002,-1.7726049154595602,-1.65056163301821,-1.42777878302707,-1.7746746318195556,0.18200183287194258
chemist:lie,positive-future,-0.7616012288962402,-0.33297904395368016,-0.11679595345940008,0.10819389228533005,0.53321571928221,-0.11429598383756782,0.3285238663608254
chemist:lie,negative-past,-1.4812434759360542,-1.0897196978970887,-0.8840846120245678,-0.6879207007196392,-0.30819926368012984,-0.8892325911336358,0.29832181924443835
chemist:lie,negative-future,-1.3782899007602611,-1.0159752027594577,-0.8344977138640799,-0.6578970952848799,-0.31648201664420994,-0.8372118341533079,0.2677271994620382
child:apologize,positive-past,2.26301191035937,2.49317997210063,2.6170883112963796,2.74496005872439,2.9970802624508197,2.6207618597093627,0.18732346306905912
child:apologize,positive-future,1.2522202123389998,1.677051170517862,1.90016747070672,2.1237785837561853,2.564915244638684,1.9012225803860825,0.3338889564615059
child:apologize,negative-past,0.5993161066391495,0.9653763307613297,1.1595031016373099,1.35558216577862,1.7374396252392506,1.160998878748789,0.2908353037301383
child:apologize,negative-future,1.1101517716844902,1.4393329615553303,1.6132528862859399,1.7923080646117302,2.155650670120672,1.6181419583525585,0.26536775621265224
clerk:apologize,positive-past,-2.02424427844293,-1.7762736587326002,-1.6500026044941398,-1.5248999582856202,-1.29557521636107,-1.651757936167427,0.18659057076969782
clerk:apologize,positive-future,-1.1771679129610786,-0.7413007760419067,-0.5320836931901541,-0.32169022267340996,0.06419488429692,-0.5373724632251242,0.31609949363924417
clerk:apologize,negative-past,-0.6308335349611962,-0.2316536870954098,-0.023436156958770216,0.1850364156094899,0.57503954375413,-0.023662111331256747,0.3084795686671078
clerk:apologize,negative-future,-0.7685729654273601,-0.43257274017482006,-0.2599702959364296,-0.08551510016789998,0.24588375116213013,-0.25933798167988037,0.25799187329777407
climber:like,positive-past,-2.6946871330624504,-2.46954643842755,-2.3564525382364803,-2.24719219870593,-2.03909962129157,-2.3597487353152293,0.16562667106596707
climber:like,positive-future,-0.8739363813341796,-0.48636088139462985,-0.27602891849891,-0.0570291627097399,0.3703630917377301,-0.26801203268036444,0.3173542113263308
climber:like,negative-past,-0.8197459925711297,-0.39048197488224967,-0.16749351452712968,0.0489668853824301,0.44464401966165035,-0.17292093579813514,0.32402411062367903
climber:like,negative-future,-0.8355953409673103,-0.4625728118623098,-0.2719286447682996,-0.0842626068516994,0.26697609194773,-0.2751795339196875,0.2821710342418423
coach:congratulate,positive-past,-2.63223743952627,-2.38634421093309,-2.2649095372519503,-2.14607558458551,-1.9285732401842999,-2.268841849749998,0.17884501481557868
coach:congratulate,positive-future,-2.604130476772717,-2.1850539534593962,-1.9689825957306941,-1.7496798371076472,-1.3378929205363594,-1.9694007135458858,0.323232758829799
coach:congratulate,negative-past,-2.2911904482587735,-1.892639776432511,-1.695185820413584,-1.4971438891409705,-1.12345086580762,-1.6977576506689112,0.29556845898399114
coach:congratulate,negative-future,-2.437834380404776,-2.079927837855805,-1.8933256498249031,-1.7130664245378187,-1.3867496417128597,-1.8991916830587081,0.26978599157127786
concierge:convince,positive-past,1.20058879318862,1.4365341401978302,1.5614442721239399,1.6927853706671399,1.9426502623623703,1.565143265193692,0.18944902579350595
concierge:convince,positive-future,0.6281620934352601,1.030067336862489,1.2473252317951198,1.4643568616197231,1.8930738190124095,1.2503737343802408,0.3223788314951333
concierge:convince,negative-past,0.759347549262458,1.110657710557917,1.304066464028626,1.4995494764070527,1.8709872344541343,1.3077266015193394,0.28611700754966224
concierge:convince,negative-future,0.6844718523770419,1.0198125548178059,1.191209980932489,1.370096236676086,1.71643337265714,1.195182944181696,0.2624849549995894
conductor:congratulate,positive-past,1.77584267579034,2.0024600561715,2.12309361561189,2.24691945800487,2.4878010568453397,2.125868598465905,0.18146688282520745
conductor:congratulate,positive-future,-0.3595488277566705,0.04164475843499993,0.2574254636930202,0.47666080326069005,0.9138833979940799,0.2624052575830787,0.3254309640642403
conductor:congratulate,negative-past,0.3621057643669199,0.7304956741317898,0.928297463801,1.1334451999722301,1.5245956303414998,0.9330295082490659,0.2978612493717645
conductor:congratulate,negative-future,-0.1821523194021002,0.21012278966502018,0.41226117325497946,0.6115830190329101,0.9814426007426902,0.41001904253797217,0.2965623110791749
congresswoman:regret,positive-past,1.39648924386648,1.59199652347234,1.69339858355767,1.79656238080789,1.9955870081751699,1.6947958274977473,0.15228836863474293
congresswoman:regret,positive-future,0.002936508441560237,0.44194237850954,0.6594488141313097,0.8761690247721223,1.2703650243959932,0.6533032712198857,0.32503671470907436
congresswoman:regret,negative-past,0.4760948195873296,0.8399828141988139,1.030304405271921,1.228221388219046,1.6238564396063861,1.036662110212357,0.2916006638473562
congresswoman:regret,negative-future,0.18436182977859006,0.5619435043856689,0.7498058604989173,0.9387793359480279,1.2977023308735598,0.7487000260015753,0.28267877445357015
contractor:mislead,positive-past,1.92018902366068,2.1377993580531998,2.25655486759642,2.3777885754145296,2.62682151450226,2.2604834834547196,0.179828924369308
contractor:mislead,positive-future,-0.0953960567410701,0.33705084677902963,0.5665796631780398,0.7973710829216505,1.2546052646419303,0.5690733136215204,0.34300059244778225
contractor:mislead,negative-past,0.69930446948046,1.07739692483061,1.2779534839174704,1.478098581924563,1.8751789330956683,1.2791850862072078,0.298991723064247
contractor:mislead,negative-future,0.8878872397564606,1.2123376228221496,1.3842333891274001,1.5621250992151772,1.922129683656201,1.3897276498131712,0.26120078723996637
coroner:persuade,positive-past,-2.23223706678094,-1.9869302841336998,-1.86396998297876,-1.74109507037469,-1.51493787516996,-1.8656621947560674,0.1832388940353668
coroner:persuade,positive-future,-1.7086333985007789,-1.3017703888983703,-1.0989351657034439,-0.901928763066863,-0.53500782097999,-1.1047816655871556,0.2990423463001234
coroner:persuade,negative-past,-1.294633538233248,-0.88894465739415,-0.6799797743698899,-0.47059382831628027,-0.08000486680405006,-0.68128909632342,0.3094091919468184
coroner:persuade,negative-future,-1.38408929691313,-1.028160189109992,-0.8431692028227102,-0.6597011006306849,-0.29637025466864,-0.8435231756291335,0.27623917458166797
curator:like,positive-past,1.3635972921174397,1.58711246215644,1.7125959172957301,1.84058646546219,2.09057446842501,1.7158973179220718,0.18547809514318028
curator:like,positive-future,-0.3623581641363298,0.031059933135189954,0.24550747863968003,0.46848770400015005,0.8981537780497556,0.2528153054079201,0.32325611972999263
curator:like,negative-past,-0.24660164540495,0.13547996857185995,0.33171962231316976,0.52400803078847,0.8871311071046899,0.3274568467566929,0.2904640842876333
curator:like,negative-future,-0.09568778001199019,0.2626365258455301,0.4409473547671099,0.61942194002589,0.9624592244153912,0.4393656664446423,0.2690469072546362
cyclist:think,positive-past,-2.74922085384433,-2.50511670308066,-2.38162606605007,-2.26294776881918,-2.0499192318492203,-2.3865645716722743,0.1793784851557041
cyclist:think,positive-future,-2.235619516471107,-1.8043491660487279,-1.5894872629275432,-1.3756549588632005,-0.9713692464332899,-1.5921143396267086,0.3219297998845743
cyclist:think,negative-past,-1.752433708100214,-1.35454639261345,-1.1552974927330402,-0.9530736161107298,-0.5802920537399401,-1.1556841482642533,0.3005294436620739
cyclist:think,negative-future,-1.9514996757657372,-1.5978460357969233,-1.415253850535921,-1.2398474827538188,-0.90225629578161,-1.419952393169664,0.26612218042970825
dancer:boast,positive-past,1.55686721757635,1.78614883348011,1.9060257334787398,2.03124345131083,2.27120699103132,1.9093243512691518,0.18146442007725422
dancer:boast,positive-future,-0.04543422574157008,0.36197448054957015,0.57952802415724,0.8050907738527302,1.2599251962907312,0.5869249100122973,0.33261110636582697
dancer:boast,negative-past,0.09880004334105985,0.4954321819740497,0.6969747796683903,0.9057308053249469,1.314075410308867,0.6996857123149806,0.30807398476893777
dancer:boast,negative-future,0.3766923101225301,0.7013080156422802,0.872475794692787,1.0515706380516803,1.407583330784014,0.8780929945321038,0.26219483218535017
daughter:convince,positive-past,-2.75663457265481,-2.51558919794921,-2.39472167310475,-2.27466816458214,-2.05243982252151,-2.3978465861789826,0.18011988680305221
daughter:convince,positive-future,-2.4873194572634127,-2.0662080854920464,-1.853700421437058,-1.648784564543377,-1.2551523041107695,-1.8601324740043383,0.31162190329837547
daughter:convince,negative-past,-1.635891555649,-1.2333746157608598,-1.0256921951355398,-0.8221437997255898,-0.4331282883899199,-1.0287913625234602,0.30691037500851037
daughter:convince,negative-future,-2.0368359593578917,-1.672494590678939,-1.4882040923372697,-1.3119264290633301,-0.9728924721277901,-1.4941902782542238,0.2703037119356626
defendant:hope,positive-past,0.321432063037141,0.56441120694818,0.696369747591285,0.82801834793679,1.08563203482992,0.6973877860670565,0.196005241791317
defendant:hope,positive-future,-0.5360987102492261,-0.1342326821009,0.086807500075605,0.30977888248999597,0.754559516453407,0.09151897115288449,0.3305292065065976
defendant:hope,negative-past,0.38486081677597905,0.786152282947276,0.9920374964206942,1.1926159579647808,1.584098263187038,0.9880180442129376,0.3043984760691768
defendant:hope,negative-future,0.324959833581676,0.6753353300931599,0.8591386673276662,1.04509047084525,1.413447791996073,0.8609870528776945,0.27773476675284725
deliveryman:regret,positive-past,-2.30008133491254,-2.05330059839898,-1.92963708870993,-1.80928785842448,-1.57950658320079,-1.9324247323102557,0.1825828181769777
deliveryman:regret,positive-future,-0.63208524573322,-0.1751670995562702,0.05581495638861034,0.27740860650920984,0.69481242922161,0.048020578510169644,0.33728772235226695
deliveryman:regret,negative-past,-1.6932248782057633,-1.291987267246626,-1.085916576836266,-0.8838137233214203,-0.48574251185976003,-1.0879126601749598,0.30671535064539357
deliveryman:regret,negative-future,-1.235886474436363,-0.8981406588097802,-0.7217338285944499,-0.5433771889422001,-0.18215464584495988,-0.7191459421716885,0.2670579231497735
detective:disprove,positive-past,1.60183147413438,1.82326341922174,1.94196449709198,2.06554992598703,2.31318318056133,1.9460764111830258,0.18047758561530047
detective:disprove,positive-future,-0.15812668789344997,0.24973589089319947,0.45882674242953003,0.6719131771330797,1.0893786319423944,0.4617203066844016,0.317002374870876
detective:disprove,negative-past,-0.07903846429132999,0.2976247096645499,0.49657560615613017,0.6943823028262002,1.0865323622723029,0.49783779910973724,0.2966652068611562
detective:disprove,negative-future,0.04994673718559994,0.40332996093490014,0.5831675521374802,0.7678621004269,1.1193494692155288,0.5856603891306578,0.2716168617302609
director:congratulate,positive-past,-2.5805814188969403,-2.3402057136575296,-2.2158690397925,-2.0950282196051297,-1.8705278619116898,-2.218576617083092,0.18111893461531825
director:congratulate,positive-future,-1.674529504781724,-1.283478236640617,-1.07468876449809,-0.8677939697538701,-0.46851911768184973,-1.0737623753611725,0.30686398767154427
director:congratulate,negative-past,-2.753025096372755,-2.353293154493686,-2.1573675861860195,-1.9622017900573259,-1.616437469725156,-2.162115453321822,0.29109820111577306
director:congratulate,negative-future,-2.365736137099327,-2.0032036297427163,-1.818761022875243,-1.6410726440511263,-1.305727439525511,-1.82415703315541,0.2707723439729849
dishwasher:complain,positive-past,-0.0308228338152309,0.223400822392089,0.356365653245664,0.49373441552403,0.750124221910319,0.3580080099837213,0.20005407505125058
dishwasher:complain,positive-future,-0.008378065793247957,0.4501687162059571,0.685054410564771,0.9182148996135969,1.3600563625383382,0.6819099041128163,0.349500478876721
dishwasher:complain,negative-past,0.2563475602998428,0.616547181372881,0.815338365473022,1.015167157860299,1.409369860376954,0.818877082676177,0.2947754323107285
dishwasher:complain,negative-future,0.05603839885183909,0.396362578180164,0.57515663221761,0.7556669001872681,1.1041415396364629,0.5761307386787026,0.2676861874383138
diver:fear,positive-past,-2.8831559883609996,-2.64041427389881,-2.5179672287103303,-2.3993116960351,-2.1784727910250803,-2.5217626983103805,0.18003749861920557
diver:fear,positive-future,-1.1064767698021298,-0.6411251499780404,-0.41542622679823005,-0.19416496500361013,0.2163297746987296,-0.4224767914889044,0.3357987628029245
diver:fear,negative-past,-2.355364020574453,-1.9764520587012278,-1.7794031976449132,-1.5834752078106904,-1.216305884176447,-1.7813733329656551,0.2910580704617187
diver:fear,negative-future,-1.97455794943879,-1.6246697044888911,-1.4467146025455668,-1.2706966759448997,-0.94016888332934,-1.4480820570133284,0.2636755305611873
doctor:think,positive-past,-2.7112147404803997,-2.45917081891696,-2.3313752526757403,-2.20783588599341,-1.9858073243088201,-2.3355983024030085,0.18527797123812714
doctor:think,positive-future,-2.6637251584956387,-2.245106956608433,-2.0349596141315986,-1.8255285870741431,-1.4323280543617982,-2.0381877186033828,0.314811838012372
doctor:think,negative-past,-1.931344306564674,-1.521785748616659,-1.3171382666391094,-1.12013677661258,-0.7336222744308702,-1.3217285956104803,0.30206254858705284
doctor:think,negative-future,-2.2390199430724884,-1.8815846655979251,-1.6980787108892477,-1.5207717588025749,-1.1860600289862402,-1.7027133048179621,0.26835826109078215
driver:regret,positive-past,-2.75076299262914,-2.51530355425856,-2.39596412067348,-2.27911336533296,-2.06495439858807,-2.3996358249847773,0.1755638191934888
driver:regret,positive-future,-0.9077508158096304,-0.45544174782888036,-0.2316325956336498,-0.01316031171540022,0.39334853433128014,-0.23775663557235888,0.33082924619902915
driver:regret,negative-past,-1.0671750782748994,-0.7032824266221103,-0.5109276834504097,-0.31502341174196014,0.0634115144073597,-0.5079281164169964,0.28923207291209546
driver:regret,negative-future,-0.97985244255796,-0.6421887220039502,-0.4683552513486502,-0.29507784363763,0.05606635910524993,-0.4673306686447579,0.26244389446694344
economist:mislead,positive-past,-2.11032863202945,-1.8678713874726498,-1.7446188699062901,-1.6245198236970202,-1.40825610536856,-1.7478644979961142,0.17985948928226675
economist:mislead,positive-future,-1.2986031270432092,-0.8981428667074818,-0.6907049469271802,-0.48727383215842723,-0.08923928036378981,-0.6923903309540593,0.3077646598166016
economist:mislead,negative-past,-1.943661328597108,-1.5495604351458339,-1.356226324162327,-1.1642794001033951,-0.8046061015122078,-1.3607447629910385,0.29141737633970827
economist:mislead,negative-future,-1.9353203277646398,-1.57851980074174,-1.396057506272519,-1.2208923360640722,-0.8944444113187822,-1.4025691279202674,0.26481058472712554
electrician:disprove,positive-past,2.0250255458665998,2.24518184908691,2.3676853458948703,2.4914125376353,2.7355951625593002,2.369934197764773,0.18145977522295417
electrician:disprove,positive-future,0.7070518473818901,1.0791046827992505,1.28595380613673,1.49325916726982,1.909279419557692,1.2898925127996592,0.3089188344206799
electrician:disprove,negative-past,0.9568315474039604,1.3189874114365303,1.5140640958999847,1.7133909210518168,2.116638957170788,1.5192959325378004,0.2933097175029074
electrician:disprove,negative-future,1.0186891523770099,1.3408919176109129,1.5102533310022,1.687595910919311,2.044486534625528,1.516558515116047,0.26054556093929515
engineer:persuade,positive-past,1.52500693452335,1.7494068839895,1.8664908787599799,1.9883167584456598,2.23412567569688,1.8700853790817145,0.18002058042129548
engineer:persuade,positive-future,-0.2320610886882899,0.19511625302515,0.4208631168343302,0.64689028520973,1.0932128953292441,0.42140884833091224,0.337828011286289
engineer:persuade,negative-past,-0.2692325684668102,0.1248687745641699,0.3272715306371001,0.5258745689514397,0.9171032431784603,0.32586345756596613,0.30018238905185723
engineer:persuade,negative-future,-0.14948430281420988,0.19607162880202011,0.3806603181733499,0.5567724739941302,0.8976579624278743,0.377027526857662,0.2669126559809242
executive:know,positive-past,1.67571791492492,1.8947715300371102,2.01652187144341,2.1392425363363503,2.3782224538681604,2.0183357550097254,0.17988487340928583
executive:know,positive-future,0.5118633513676301,0.877817783322949,1.0788084236232267,1.2832394235420599,1.6917435231791262,1.0846941526097953,0.3024099745655204
executive:know,negative-past,0.2835200967443803,0.6701610047530602,0.87331611767222,1.08336480273127,1.488118061611193,0.8778733976828247,0.30932810597040256
executive:know,negative-future,0.48272215575924005,0.8342923372989806,1.0182357412387997,1.20220722755597,1.5697263716627639,1.0186729104250927,0.2761135114650678
farmer:persuade,positive-past,1.74948216023393,1.96925199380419,2.0903782782666798,2.21338811492886,2.4581582915591,2.09366613068392,0.18170575456786897
farmer:persuade,positive-future,0.4596980091170899,0.8554636203524499,1.0682095532309352,1.2838919966236482,1.71284326619907,1.0732370149238912,0.31696613925123557
farmer:persuade,negative-past,0.3670982519605801,0.7566300936054899,0.9550384922756298,1.158741222723256,1.542340152440064,0.9576452472502403,0.29960079499204467
farmer:persuade,negative-future,0.7991297567425999,1.1225973264443798,1.302971645370996,1.4846003694348004,1.8485440477243773,1.3074291233391198,0.26799290263285075
filmmaker:lie,positive-past,-2.51092850099125,-2.2689934520197497,-2.1482962901138403,-2.0280458955834497,-1.8097717722728703,-2.1511165704675896,0.17908845483271205
filmmaker:lie,positive-future,-0.6888350198208304,-0.26934982055524004,-0.06054477783122003,0.14940433715943957,0.5629871696555901,-0.060527640541709275,0.31821798043261557
filmmaker:lie,negative-past,-1.4340397818268298,-1.06372076975054,-0.8781733016534798,-0.6937300506241801,-0.3494185980573803,-0.880176757196242,0.2767622834657494
filmmaker:lie,negative-future,-1.1344521323330756,-0.7821326571786902,-0.6014282493000804,-0.42192673309464945,-0.06297629401030003,-0.602095693603031,0.271657059074737
firefighter:boast,positive-past,1.88617575523285,2.1052830995481298,2.2267437028717003,2.3505348235184305,2.60457856632995,2.2303144288797707,0.18205740807417514
firefighter:boast,positive-future,-0.23640771921296944,0.1817596667372503,0.40540984989815954,0.6346577219610401,1.08740910442602,0.41127469363190167,0.3361522704255633
firefighter:boast,negative-past,1.1569299522984446,1.5299276654822023,1.7270487631431592,1.925660790189921,2.331442735399326,1.7304524566266852,0.29807856659501963
firefighter:boast,negative-future,0.960902558249897,1.30056309446732,1.4754213462084729,1.6617418828327728,2.035130151428892,1.4828792897277143,0.2714064665482745
fisherman:love,positive-past,-2.22738223237556,-2.00631384253075,-1.8944120081072802,-1.7831755991452198,-1.57828621391303,-1.8959649411042332,0.16574562914673713
fisherman:love,positive-future,-1.4367142333973972,-1.0174859712992759,-0.7967964775007201,-0.5680553248830997,-0.11448987795844023,-0.7906375755222519,0.3366950471158719
fisherman:love,negative-past,-1.1060194452620788,-0.7098407149605603,-0.5107069265625999,-0.32164867347184,0.038344872516269835,-0.518054957820028,0.29143256800681455
fisherman:love,negative-future,-1.036395899946784,-0.6766424238467204,-0.4877183395347797,-0.30210005615561,0.059359163838439866,-0.4887190353107178,0.2800944108213597
gambler:like,positive-past,-2.11880762883273,-1.9168230444761398,-1.8140153678074802,-1.7149220218835,-1.5215742751164099,-1.8164927517900433,0.15214427933312405
gambler:like,positive-future,-0.8365860357422861,-0.4345304682714002,-0.22006061072734018,-0.003003691304420242,0.4400525269752502,-0.2147582384130848,0.325494434152107
gambler:like,negative-past,-0.8159739267076741,-0.41643455431129994,-0.21075350043907037,-0.010588293441890162,0.3709417027707895,-0.21519335414715474,0.3021985313280521
gambler:like,negative-future,-0.6200965385377801,-0.24262005217299998,-0.044815135368200254,0.15854973367863012,0.56079119354098,-0.04047424049298688,0.30021191755465254
gardener:remember,positive-past,-2.74636376110082,-2.50316498065673,-2.38401771424361,-2.26513904756002,-2.0439634381306697,-2.386522571282525,0.17897625132729653
gardener:remember,positive-future,-2.3025706174551686,-1.897039489348617,-1.6916523058390842,-1.4905442229044201,-1.11443088142096,-1.6963450440265624,0.3021428196308241
gardener:remember,negative-past,-1.8598444759753197,-1.46750987710527,-1.2694319615401999,-1.0796130460043702,-0.71784047413363,-1.275174318029602,0.2917107469968566
gardener:remember,negative-future,-1.9077246460625472,-1.549831157142857,-1.3708603672711401,-1.192925502322349,-0.8493286142707503,-1.3726810198254422,0.26840872953126116
guitarist:worry,positive-past,1.46206676579768,1.6621661887942702,1.77127997143718,1.88218698229551,2.1002721638486697,1.7739216335114867,0.16316271445736155
guitarist:worry,positive-future,0.26965769399618966,0.70777692555792,0.9290182860748921,1.14855544052668,1.5674902158612563,0.9267790996955231,0.32853253544049105
guitarist:worry,negative-past,0.4708605040173999,0.851626815636266,1.0532061417152851,1.258662707729109,1.6539078952038822,1.0564308259673862,0.30059185221080076
guitarist:worry,negative-future,0.8302349050819647,1.15227959168887,1.3306359383888329,1.5118869779138289,1.8737075405018104,1.335381760513598,0.26645993801837686
hacker:boast,positive-past,-1.6757701363705,-1.45624712239814,-1.34598859409427,-1.23456264635972,-1.02625865926709,-1.3468007136778126,0.16476686234629398
hacker:boast,positive-future,-0.7885174832362749,-0.4138443388200711,-0.2125824680983699,-0.0012406905702848636,0.4317111955975801,-0.20344194187485998,0.30819475862343
hacker:boast,negative-past,-1.418755967362101,-1.0149275165572689,-0.8089136213205832,-0.6074725028337721,-0.2266441436133897,-0.8127370043028771,0.30422019459707084
hacker:boast,negative-future,-1.097608606623668,-0.7432878558599008,-0.5596504205051098,-0.373640399242508,-0.007137246520670049,-0.5579209004597109,0.2769976888849926
hiker:remember,positive-past,-2.9029467660501895,-2.65926692212314,-2.53636587552299,-2.41579185549851,-2.19362732937334,-2.5389906698498685,0.18107901728028422
hiker:remember,positive-future,-2.297245190996687,-1.8855100339947777,-1.6722177702731225,-1.4655404307956739,-1.0817395753940595,-1.677885256582828,0.31147375210380657
hiker:remember,negative-past,-1.7597838505388244,-1.3521867938646799,-1.14570476469471,-0.9439322282231002,-0.5623957559438799,-1.1503906664229668,0.3053603809355694
hiker:remember,negative-future,-2.055777970012096,-1.6954300938158198,-1.5185925445435402,-1.3431203467259996,-1.0188075427679801,-1.523172529099683,0.2638899975359659
homeowner:hate,positive-past,-2.72000594786762,-2.48018074720588,-2.36118077282371,-2.2450489075721003,-2.0282118032910903,-2.3642643897812263,0.17541774307363106
homeowner:hate,positive-future,-0.77178145656281,-0.31907385929275023,-0.0914875373550097,0.12939990339652985,0.5421992927375596,-0.09762292356686506,0.33507781510768025
homeowner:hate,negative-past,-1.265922029349705,-0.8860144094267499,-0.67758305348915,-0.47320893186627977,-0.0857730867994504,-0.6785655254167247,0.30282712351015556
homeowner:hate,negative-future,-1.0385668223139002,-0.6971949439930196,-0.5175617545365703,-0.3365504056421904,0.017232410168240175,-0.5161274870693812,0.268349033049699
inspector:convince,positive-past,-2.40330382058797,-2.15900622058032,-2.03805323902933,-1.92170780180556,-1.6981606088650802,-2.041901832769607,0.17829822672621023
inspector:convince,positive-future,-1.4877369026267289,-1.0812444846858031,-0.87049618384611,-0.6632238331364204,-0.27307586623987956,-0.874000311354737,0.31142903411804906
inspector:convince,negative-past,-0.6215330744501102,-0.2523886845446899,-0.05928164491279997,0.13769251460979004,0.5061715305196501,-0.057917290995342305,0.2878671803832164
inspector:convince,negative-future,-0.80751416143098,-0.45606610962525984,-0.2717048230403394,-0.08593886352072011,0.28056019367283946,-0.270463095089672,0.2772519789640071
jeweler:remember,positive-past,1.57549787469837,1.80190970279146,1.9232138026904397,2.05087442612239,2.30421269236401,1.9282464294976547,0.18556722146233112
jeweler:remember,positive-future,0.75437247759729,1.13349611319794,1.332893221759301,1.5446361331391278,1.9670867140398662,1.3414675769897986,0.30614023258473894
jeweler:remember,negative-past,0.10644512290308006,0.49653847914704974,0.7046161085472339,0.911409634127292,1.3051775240350953,0.7050177015290171,0.3081885788485193
jeweler:remember,negative-future,0.39763288295771004,0.7606149013244101,0.9454623226273839,1.1322175156393,1.491426306110672,0.9457009231788801,0.2777602324056568
journalist:worry,positive-past,-2.56046726940412,-2.31499039340603,-2.18930753940211,-2.0658123237884,-1.84131346579718,-2.1917858630932434,0.18447792033546134
journalist:worry,positive-future,-1.2546603006862953,-0.7860374488905304,-0.5499862488593299,-0.32511007377538004,0.08856858784975996,-0.5598547823579029,0.3421248290153693
journalist:worry,negative-past,-2.6518756646577737,-2.258756238886519,-2.057664687795197,-1.8637778821058266,-1.5035083371024984,-2.063189433790366,0.2929087482972017
journalist:worry,negative-future,-2.50228429432187,-2.1278262731211868,-1.943202625480594,-1.765342026036158,-1.445548283887566,-1.9508871061472204,0.26991400443817704
landlord:hope,positive-past,-2.77058575515606,-2.53817977302544,-2.42358028533731,-2.30872717559182,-2.0959323154926204,-2.4255153907469715,0.17085210387770455
landlord:hope,positive-future,-1.939661744913961,-1.536894686299743,-1.319791128070115,-1.0932534788504902,-0.6623053263858498,-1.313446100177938,0.327375158551366
landlord:hope,negative-past,-1.2502893735627498,-0.8399855641590503,-0.6294302262129305,-0.4226893222763197,-0.02585140980949996,-0.6326044112454788,0.309696440422581
landlord:hope,negative-future,-1.4290259977891198,-1.0601480297138701,-0.87921998116402,-0.6967037446632602,-0.35574359825029056,-0.8805161121253673,0.27175075733566273
lawyer:disprove,positive-past,-2.34487472209066,-2.10559322136024,-1.9814429680218402,-1.8612437321426498,-1.6376296827418402,-1.9844168226539487,0.18126488532421758
lawyer:disprove,positive-future,-1.9326204214974831,-1.4883333609691407,-1.2627563895754597,-1.0394791143451096,-0.621885804561009,-1.2660528569755385,0.3340368749097696
lawyer:disprove,negative-past,-1.3373398677721962,-0.93595619221322,-0.7237025629428402,-0.5144076668488502,-0.10323020686891016,-0.7238919624565702,0.31275733716451665
lawyer:disprove,negative-future,-1.992297603433499,-1.613315031560271,-1.4265736850309523,-1.2447781372474922,-0.90897007888764,-1.4326373936304475,0.2758775741539709
liquorstoreowner:tell,positive-past,1.6826933605771899,1.89956158126947,2.02082720305543,2.14376445071309,2.38868140535415,2.024254259286238,0.1801470530693821
liquorstoreowner:tell,positive-future,0.0538082334786405,0.4460697020969997,0.6558519421577598,0.8745814780323999,1.300418116466841,0.6633359389012282,0.3193491876027621
liquorstoreowner:tell,negative-past,0.11844310697597993,0.5157542269733602,0.72276120813511,0.928382805107888,1.3333527087625172,0.7235087460983672,0.30925766857656556
liquorstoreowner:tell,negative-future,0.20317887879208008,0.5430085465837702,0.7198221935078402,0.89696714995924,1.242649925324785,0.7202369561911997,0.2638806920051813
literaryagent:mislead,positive-past,-2.00637953260954,-1.76668106908427,-1.64516486016489,-1.5271020731116398,-1.30113253670492,-1.6479887128962656,0.18020373656824817
literaryagent:mislead,positive-future,-0.16151636254725,0.2524644749390803,0.47020268794146025,0.68854949131235,1.1179878721074703,0.4716666676358223,0.3252432685188268
literaryagent:mislead,negative-past,-1.9352439137154622,-1.541844976321743,-1.339489263584919,-1.1379440182303877,-0.7682655946050201,-1.3411236820377754,0.2976662669143808
literaryagent:mislead,negative-future,-1.4174902292110512,-1.0632073221599412,-0.8812943308100002,-0.7026701847758959,-0.3643810453122298,-0.8841034145106134,0.26727055742033207
littlegirl:fear,positive-past,1.36202282876766,1.5684792182389298,1.67956360216216,1.79208891213889,2.01285106544519,1.6814922660498433,0.165094584603571
littlegirl:fear,positive-future,0.5746065269826801,1.0402854487101307,1.2679068893059289,1.4947228078560348,1.931938181420768,1.2651207791270227,0.3428288534756492
littlegirl:fear,negative-past,0.36238109501633,0.7223369588932569,0.9063080488113169,1.1006216586466322,1.4729638330227346,0.9117073975556695,0.2821082457694308
littlegirl:fear,negative-future,0.531833002838126,0.876618994655466,1.05052818589839,1.224472882074866,1.575052650414742,1.0512720527653965,0.2638178782254549
mechanic:notify,positive-past,-1.96605696411519,-1.71995640799327,-1.5961810964783503,-1.4762876099292799,-1.24790565176409,-1.5989353863465439,0.18218713600402558
mechanic:notify,positive-future,-1.448397070929373,-1.0197736756622438,-0.7945926650627319,-0.5760432914036,-0.16965174678023986,-0.7996207498608028,0.32730690508192045
mechanic:notify,negative-past,-0.9190503252863449,-0.5318687860524598,-0.33131774741628006,-0.12812464637399024,0.25627089815436976,-0.33084295124136226,0.2998046338445498
mechanic:notify,negative-future,-0.9725448769334091,-0.6430300234702169,-0.47290361557258775,-0.30549743546839014,0.015652346947559792,-0.4751798818527021,0.2527767801570307
model:complain,positive-past,1.13791553606698,1.3554031119622099,1.47108576997118,1.5876855542171202,1.81854900172977,1.4725772115854865,0.17325404491670832
model:complain,positive-future,0.4277790892784503,0.862592751282751,1.0811336527848239,1.2986676037467748,1.7113258891549161,1.078991575560035,0.3267352469115107
model:complain,negative-past,0.028778075641409995,0.4059131380814942,0.6046917478263333,0.8025470349898859,1.195829647790903,0.6060658193589825,0.2974028222998077
model:complain,negative-future,0.053866356481609756,0.4227025875013659,0.60911779539837,0.7947303445740858,1.15791711920038,0.6083464581274857,0.28045626215218594
moderator:congratulate,positive-past,0.7206399848933291,0.97084048994514,1.10119023408648,1.23290173063875,1.49124882783686,1.1028115422810634,0.19617948176582628
moderator:congratulate,positive-future,-0.8144931837724099,-0.42407189303988313,-0.21714652173537985,-0.005535141390969889,0.42398726881162807,-0.2120157151051522,0.31407627703476804
moderator:congratulate,negative-past,-0.33016033213045004,0.05982245156115007,0.26479093124712993,0.4706575684248008,0.873736051858862,0.2666740050651747,0.3070692975715094
moderator:congratulate,negative-future,-0.46080679244659994,-0.09153969595235789,0.09616267345756202,0.2848515081364761,0.6562251162166152,0.09663435312551019,0.28262940668611386
mother:lie,positive-past,1.5006401455086003,1.7279186322908997,1.84859342776377,1.97490110111633,2.23149344106183,1.853035763914518,0.18599721421527649
mother:lie,positive-future,-0.5047222656519104,-0.09959095868733958,0.11597600248932993,0.32875250498923014,0.7429672391659599,0.11617942651415043,0.31736187846958885
mother:lie,negative-past,0.8167148557096504,1.190180513689663,1.3907282806208188,1.589573798369658,1.98226943493259,1.392066373387337,0.29759028897564627
mother:lie,negative-future,0.5269622417835502,0.8618257966533798,1.0367004489202196,1.2134344011855402,1.5675068079205388,1.0392544145204952,0.2654882737911417
mother:remember,positive-past,0.136682745803093,0.3774254745115829,0.5076732567959961,0.635979459242378,0.8908187175844591,0.5080736955378812,0.19186856571600935
mother:remember,positive-future,0.351221971288921,0.7390965451417659,0.941109250938917,1.154060944636681,1.579997666196788,0.9485451198495166,0.31133755291262605
mother:remember,negative-past,-0.22249516801616503,0.15726039686537,0.3587848751976959,0.561521588351565,0.9517760341120641,0.35871986477896683,0.30027774703760374
mother:remember,negative-future,0.13998172795779204,0.4714286280370616,0.643927300838252,0.8189359727150467,1.160457614472343,0.6458678609524915,0.2594048603889484
musician:hope,positive-past,-1.53667509977335,-1.31577316440901,-1.1999165591282501,-1.08272279109768,-0.8653175862647731,-1.2001518450291324,0.1719947677720296
musician:hope,positive-future,-0.6967464180562299,-0.3145453450661504,-0.10127293907099011,0.11333620187050997,0.5385014674377702,-0.0965172122396998,0.31527770317230597
musician:hope,negative-past,-0.7930134875784199,-0.40634515117884407,-0.20404474718721954,0.0023307826664398235,0.3777474179770599,-0.20511163216494716,0.3006269312405539
musician:hope,negative-future,-0.775273755362082,-0.4326808779354041,-0.255128210458184,-0.0812429232579801,0.2482339178536499,-0.2574650609599897,0.26185846515912004
nanny:dissuade,positive-past,-2.3881706980746498,-2.13874969521357,-2.0109141948876004,-1.8886521009086799,-1.6651321168750302,-2.0150101937150127,0.18463262649659262
nanny:dissuade,positive-future,-1.7461887131611369,-1.30143292494761,-1.080019352427208,-0.8571134851177202,-0.4460955000459699,-1.0829071763313656,0.3309226888204129
nanny:dissuade,negative-past,-1.5740559634473543,-1.20377038534042,-1.0117976430751559,-0.81730102571076,-0.4664205650280695,-1.0126265133434869,0.28364832466072315
nanny:dissuade,negative-future,-1.53249081646646,-1.1899133900742975,-1.0181353675964089,-0.84358814956189,-0.5009272658072601,-1.017820136039252,0.2622835238333647
newsanchor:notify,positive-past,0.856419102918783,1.08958872599179,1.2165459297499799,1.34497586432949,1.5951162845779898,1.2192421720275757,0.18869410836479836
newsanchor:notify,positive-future,-0.09629409635337982,0.3331403665168641,0.5521235943565883,0.7773216868650981,1.2273041312500672,0.55725974273069,0.33452332096151904
newsanchor:notify,negative-past,-0.1423477651818501,0.21964006273166092,0.4124245663213897,0.6033430766154552,0.969772841522046,0.4131038169047171,0.28479671838420195
newsanchor:notify,negative-future,0.20398588819057417,0.51916108761864,0.6921381956542699,0.8696585093644629,1.216880869332807,0.6960973282400089,0.2603033344321925
nurse:know,positive-past,-2.55230322913686,-2.3129605752266,-2.1893334124596397,-2.06908375471945,-1.84735199350247,-2.1927628559720427,0.1807388449132396
nurse:know,positive-future,-1.9098411358300702,-1.50343492179167,-1.2991374175917798,-1.0994417154502099,-0.7228292751759302,-1.303423444908628,0.30141293823835985
nurse:know,negative-past,-1.713621324142982,-1.3215858673479457,-1.1172281459231201,-0.9197210442152501,-0.5465050876448403,-1.1218970844723237,0.29898530056285044
nurse:know,negative-future,-1.7909408526271633,-1.434697341783853,-1.261246101249132,-1.0870828073343501,-0.7579610712961,-1.2635186144819524,0.2617865311315801
painter:think,positive-past,1.4930544875940501,1.726988933594,1.85388916174646,1.98190610512893,2.2335385925764903,1.8556101465449124,0.18842267891561523
painter:think,positive-future,0.42393561316239015,0.800236306894782,0.9999344035728119,1.215414981401591,1.637549225790289,1.0093206434826576,0.3094732287861144
painter:think,negative-past,1.252267470629627,1.613885843590515,1.8106110223365521,2.010216923848081,2.405676253711969,1.8157675312032922,0.2943688210645477
painter:think,negative-future,0.8444473134352499,1.1993586106007463,1.3842499908601398,1.5678990682106861,1.9237176193156982,1.3844794472905921,0.2756003321383174
paramedic:hate,positive-past,-2.4074238249844,-2.16562116732752,-2.0414054432019197,-1.9211944815445101,-1.69867127295113,-2.045094305197528,0.1811909614237815
paramedic:hate,positive-future,-0.80490905729601,-0.35999133204324973,-0.13722496889366975,0.0763738316115603,0.46851708583078944,-0.14653626151319102,0.32471655340702504
paramedic:hate,negative-past,-1.337516571005858,-0.9315307037062801,-0.72420890199609,-0.5177647946491797,-0.11039713348080027,-0.7243247531947318,0.31131038402966216
paramedic:hate,negative-future,-1.02981957249142,-0.6753553647894,-0.48712502262627,-0.30030519460948013,0.08091428731631001,-0.48545909757526823,0.2821344634343707
pharmacist:notify,positive-past,1.2432222613584598,1.4745700972580702,1.59691054430794,1.72090144006713,1.97318877724011,1.5991093263374305,0.184908473287751
pharmacist:notify,positive-future,0.8945910161444399,1.2720306474675342,1.474504321566084,1.6824876371989521,2.097398025262546,1.4796761506235772,0.3074627126008235
pharmacist:notify,negative-past,0.06286334566857987,0.44921233418813,0.647840354924411,0.8436184351355,1.230778276560417,0.6469596384090593,0.29603886689253306
pharmacist:notify,negative-future,0.4114495107251599,0.7649506490697778,0.9474636751818579,1.130099082295723,1.4893497935236362,0.9483652655826385,0.27308025200181457
pilot:mislead,positive-past,1.76165925541676,1.9796560738408,2.10157550398747,2.22536638632592,2.46761681117576,2.1048779914828186,0.18049769315100198
pilot:mislead,positive-future,-0.15688641029551054,0.2578812367709198,0.4809656128627202,0.70783767499686,1.146007066864488,0.48472364943160234,0.3330021661815785
pilot:mislead,negative-past,0.4120590575162799,0.8159616873604998,1.02831706753761,1.239033315439851,1.6458053395727708,1.0275831445320183,0.31393876389887304
pilot:mislead,negative-future,0.5751288756073802,0.9142822814896598,1.09235819255067,1.2765364807372959,1.629616678381011,1.0962259818257585,0.269952439634263
politician:wish,positive-past,-2.52044395439808,-2.29890732631179,-2.18387659982081,-2.07515304277316,-1.8659738745100098,-2.187717953362657,0.1668355102170702
politician:wish,positive-future,-1.622766868841897,-1.2238659882765273,-1.00113047415004,-0.7751697583032999,-0.3231452523113101,-0.9947643933662081,0.33073042255479174
politician:wish,negative-past,-0.8711030107278099,-0.4541264693274598,-0.24534764736094994,-0.03608168709746984,0.34293426683555017,-0.24820716412750457,0.31141415447228576
politician:wish,negative-future,-1.0676682646765547,-0.694129598588,-0.5058986286125005,-0.31765384035761035,0.034976591274580304,-0.5069630657414828,0.279130894715345
priest:love,positive-past,1.50786854812558,1.7343955582486201,1.85577090753356,1.98003683994535,2.2292263843876805,1.8591430511026066,0.18353722086766136
priest:love,positive-future,-0.5590123904549098,-0.1485996424429401,0.07573222460088025,0.3109031977285497,0.7736689063711801,0.0840409671433646,0.3407767708616836
priest:love,negative-past,-0.024372820387579708,0.3590023372463702,0.5598746792180502,0.7567853963779729,1.1180712754775242,0.5562966868192704,0.2915278153308733
priest:love,negative-future,0.029868853317249755,0.38798334846081994,0.56978617866221,0.7506217488545202,1.104868009418388,0.5692946676581286,0.2724951800742322
professor:think,positive-past,1.25718329346817,1.4931055275556897,1.61731463477065,1.74486359124841,2.00440304318484,1.619994414590675,0.18912226425001114
professor:think,positive-future,0.39409383754489014,0.7726741735533058,0.984662510551328,1.19881133512771,1.6258681556137222,0.9902723123379821,0.3162062880628582
professor:think,negative-past,0.901390761916503,1.260647021906844,1.451019920114411,1.6461078769029198,2.0358588897000054,1.454936599799772,0.28833109280421604
professor:think,negative-future,0.7825183722411009,1.1300118730513509,1.311959744932837,1.491486944145858,1.855707601452809,1.3128139479681997,0.27311920685478003
programmer:doubt,positive-past,1.7605582580755401,1.9767745710618,2.0934894426567503,2.21550819253209,2.45563913899291,2.0977172385712444,0.17666431934868368
programmer:doubt,positive-future,0.18514525054010011,0.59713940698806,0.81322133458431,1.03183316906356,1.455489641278371,0.8145264554852947,0.3245180299279489
programmer:doubt,negative-past,0.5913741586281502,0.9756369530781609,1.1750763307238725,1.380909003680015,1.7814886363032219,1.1787211482612923,0.30158755738348836
programmer:doubt,negative-future,0.61971158525402,0.9600005307686006,1.1398027440244056,1.3173996200579767,1.673291303439578,1.1415328947402863,0.26806136710677325
publisher:doubt,positive-past,1.80037817054551,2.0237954434669,2.14480529753185,2.27075722225302,2.51861283262229,2.1492428518711204,0.18305163268397573
publisher:doubt,positive-future,0.93326943002636,1.336943103247779,1.5525651145188957,1.770574257461559,2.209998589314135,1.5554426755104345,0.324727360564546
publisher:doubt,negative-past,0.3582692279873301,0.73887940510477,0.9420762973234804,1.1476763560197003,1.550927227904424,0.9462800815322073,0.3031186801105106
publisher:doubt,negative-future,0.7734432198055201,1.1151208258465106,1.2899233734868178,1.470129659700583,1.831021227813462,1.293170438891327,0.2667746423583729
reporter:dissuade,positive-past,1.43170080984649,1.65471761876468,1.77882063172283,1.90243611800107,2.1507097627024,1.781033866662616,0.18400056486339086
reporter:dissuade,positive-future,0.15014070111977995,0.5614240522258702,0.781417604155635,1.003067246090842,1.4463236030951578,0.784889871134247,0.3283730546589923
reporter:dissuade,negative-past,0.27590663837048,0.6559412053894003,0.8590727928507571,1.0633955435544469,1.461301867599162,0.8598471117478049,0.3028136416547837
reporter:dissuade,negative-future,0.48852361618514983,0.8105444350907998,0.9873230115227789,1.168429314379459,1.523723377121703,0.9924323485294808,0.26388058842134365
runner:doubt,positive-past,-2.7863375608860297,-2.5462339641163902,-2.4222818419387204,-2.30226040357308,-2.08101898146389,-2.4256831095286002,0.18063241285067988
runner:doubt,positive-future,-1.90659222739862,-1.477922315303544,-1.2569227640386298,-1.04341706417801,-0.6500498281477893,-1.2637396709086008,0.3215623145379136
runner:doubt,negative-past,-2.204426530422614,-1.813055267392146,-1.6140628876106482,-1.417718998953688,-1.0654699282440803,-1.6183140228672912,0.2910812727866711
runner:doubt,negative-future,-2.100232588198611,-1.7508768502150538,-1.570635622321635,-1.3889628718424099,-1.0525711086297,-1.5718479397320457,0.26693836352114897
sailor:complain,positive-past,-2.6430785006568702,-2.39889533403887,-2.2781847355917795,-2.15761709331943,-1.9378251651748502,-2.280108220497198,0.1788923356486196
sailor:complain,positive-future,-0.6016395068046501,-0.14211004642855007,0.0977027741363603,0.32542061334953987,0.7546117142527504,0.09073284191766144,0.34878669744551116
sailor:complain,negative-past,-1.846075290614314,-1.466444365987179,-1.2702971192577601,-1.08069629755476,-0.7197235366034203,-1.274335302314989,0.28794702140143197
sailor:complain,negative-future,-1.2653113272547603,-0.9253456614324802,-0.7508011321710901,-0.57187848278737,-0.2361589703925402,-0.7497870802300444,0.26247280377477716
salesman:wish,positive-past,-2.44069899516947,-2.20811413826316,-2.09086387549291,-1.97549681393045,-1.76456539368694,-2.0932769638439797,0.1721778930241984
salesman:wish,positive-future,-1.5237127941285737,-1.10509419007601,-0.87963171371146,-0.6471277789543499,-0.20614054502445,-0.8740310195734851,0.33802366882368434
salesman:wish,negative-past,-0.8620893471801399,-0.4616472763339097,-0.25068838969810026,-0.0467313681882402,0.32198235886881044,-0.256676864572649,0.30555030328968596
salesman:wish,negative-future,-0.9680035968542899,-0.6032042959554595,-0.41553446220629,-0.22946093213218988,0.13548747181884013,-0.41651155406369034,0.2791078864072527
scholar:dissuade,positive-past,-2.5340091167444503,-2.2901497411758998,-2.16694640447654,-2.0462946413556597,-1.8263053909512,-2.169817428996091,0.1808628221471126
scholar:dissuade,positive-future,-2.3739892925599735,-1.9309718748057518,-1.719016811183954,-1.50931906548983,-1.1168074397154193,-1.7245016123218468,0.3170980575918609
scholar:dissuade,negative-past,-1.6263821242026841,-1.2269625428132402,-1.0214282152519876,-0.81640078179175,-0.43038463731411003,-1.022856758048351,0.3053093283052131
scholar:dissuade,negative-future,-2.130583874673662,-1.757503761695099,-1.576758808075468,-1.3974517978221201,-1.0613078566308398,-1.5801643425754504,0.2728309689621695
scientist:disprove,positive-past,-2.0581283452482597,-1.81481987342089,-1.6984141357173703,-1.58132839371617,-1.3550663171123503,-1.7002167454855026,0.1772733590535983
scientist:disprove,positive-future,-1.2675057825836449,-0.8355758756907496,-0.6159215903407449,-0.3950566594114999,0.02230148705244006,-0.6159524215026406,0.33044920102611947
scientist:disprove,negative-past,-1.202285440647524,-0.8057993661251961,-0.6020047180280301,-0.3960842232316699,0.009338683679199988,-0.60093616232046,0.3085673450297542
scientist:disprove,negative-future,-1.2061949319391512,-0.848702450568482,-0.67127949312376,-0.49111881797451984,-0.1337778472538702,-0.670853989437459,0.27079833343503157
secretary:fear,positive-past,-2.44218808771173,-2.19364694768276,-2.06836495705228,-1.9452567231001001,-1.71747692996228,-2.070810646629366,0.1848522059503702
secretary:fear,positive-future,-0.8804520669820199,-0.41994908519644025,-0.18620666875619007,0.03640107266045045,0.4560576406157004,-0.1951614820032942,0.34113280047086075
secretary:fear,negative-past,-2.2593698990719426,-1.8557116584346194,-1.6560435092001922,-1.458409626752683,-1.0792581349508958,-1.6591381155467693,0.29870422970487986
secretary:fear,negative-future,-1.8777515193026555,-1.5108331215131658,-1.332383903158814,-1.1522950541794759,-0.8109497424243801,-1.3350387870702731,0.26957411373645535
shopkeeper:doubt,positive-past,-2.46585222971832,-2.21590170315512,-2.09178465932183,-1.9718226976551798,-1.7480361693978,-2.0958756941621894,0.18266893995212732
shopkeeper:doubt,positive-future,-1.5014615078187732,-1.0713664591300693,-0.8601777858830499,-0.6486875027673198,-0.25963117315898954,-0.8641899840203573,0.3164149844890979
shopkeeper:doubt,negative-past,-2.266112532957353,-1.8869521638040587,-1.6929072379041477,-1.500651203994534,-1.1466396317925591,-1.6960083654143352,0.28577980848361634
shopkeeper:doubt,negative-future,-2.113016777022199,-1.7411007565413157,-1.5624509534219848,-1.3868071522192391,-1.0524989527798803,-1.5678348285554609,0.2680159287439082
singer:wish,positive-past,1.7975765589716899,2.01444464812568,2.13107879649435,2.25241123983905,2.4955450922819398,2.1353753698939055,0.17841322655339414
singer:wish,positive-future,-0.8820149870141898,-0.48215197434502954,-0.26189600418455994,-0.03602527016095003,0.41613156438876997,-0.2547607297776506,0.33189380823282616
singer:wish,negative-past,-0.1111778687270002,0.2774884614930502,0.4709041274035102,0.6633272666093999,1.0250826444592955,0.4684786652331383,0.2887027381220784
singer:wish,negative-future,-0.38597418630385016,-0.032228985622200224,0.14434641810241988,0.3176536203756002,0.63849384110841,0.1392337174950987,0.2610638298128457
soccerplayer:love,positive-past,1.8189095543969598,2.03736576290388,2.15504218134261,2.2758599915160898,2.5187595620509104,2.1586942379532776,0.1781214267453284
soccerplayer:love,positive-future,-0.7943664051940198,-0.3877639793647898,-0.1647046235534595,0.059663267762949834,0.52494206898439,-0.1582516785910501,0.33555269647268443
soccerplayer:love,negative-past,0.003934838882500014,0.38384978814813,0.57445911889427,0.76591297429544,1.1149860006622778,0.5724478255514958,0.2839966396667666
soccerplayer:love,negative-future,-0.2779470309050107,0.0839446450150303,0.25958357444038005,0.4313667667850698,0.7538648877107699,0.2543041010731893,0.2609720227023212
soldier:fear,positive-past,1.46146913796235,1.6812160559185,1.80184367480277,1.92105111699054,2.14878402066733,1.802801874764742,0.17604284706422538
soldier:fear,positive-future,0.024688910487569826,0.43992495601704995,0.657318536603002,0.868561497396304,1.2658958514164977,0.6519136801400148,0.3170369176867957
soldier:fear,negative-past,0.7194182820831698,1.078833036235885,1.272661454616652,1.4624953057518204,1.850034490047348,1.2734277159577438,0.28686039061720503
soldier:fear,negative-future,0.6770234446418102,1.001785559688542,1.1770536628798398,1.3531330804203732,1.7097935828063613,1.1801393028615528,0.26380312534268757
strategist:tell,positive-past,1.82341477374028,2.04840497284809,2.1705449396231202,2.29201176192428,2.53961227166082,2.172069483109564,0.1821526716538664
strategist:tell,positive-future,0.96196612131107,1.3320720265006742,1.539041929218032,1.748203559461249,2.1663860605093888,1.5452385557059234,0.30804350200028
strategist:tell,negative-past,0.24656092007106034,0.6172093674691796,0.8057661714942097,1.00299068444237,1.384626724905507,0.8100249417092993,0.2888163768890275
strategist:tell,negative-future,0.3374107560178399,0.6840421045040899,0.8676535084089803,1.04841407393804,1.399993797841349,0.8665523076027126,0.270657364733505
swimmer:like,positive-past,0.18398820974256003,0.43952965942847105,0.5715636527732759,0.707776107460339,0.9708392123073479,0.5742297414645016,0.1994020710586042
swimmer:like,positive-future,-0.4413987533179189,-0.05649130431314703,0.15180183563099903,0.36499639421284097,0.8076114986203282,0.1595081867425634,0.3183748363983008
swimmer:like,negative-past,-0.6041072852301752,-0.22775565453483515,-0.03545944833055692,0.15802771307430902,0.511596338177667,-0.03773172807452694,0.28587829174974366
swimmer:like,negative-future,-0.4188641342538799,-0.06735788864426406,0.10947081911743206,0.28347426949326693,0.6183173237878571,0.10677316828326722,0.26216820831923043
teacher:apologize,positive-past,1.8407740805778403,2.05955794270927,2.17740901415831,2.2996215558303903,2.5378273289291804,2.180590400734447,0.17757082147821504
teacher:apologize,positive-future,1.6087026954472754,2.0192196669974996,2.2347770091113,2.4541969273436486,2.87994288437318,2.237784812650758,0.3255685317540514
teacher:apologize,negative-past,1.16882774220325,1.533538010003054,1.7323783498166099,1.9314121039539962,2.321189866928658,1.7341190290622042,0.29560948138367554
teacher:apologize,negative-future,1.4416785618023389,1.786527192980025,1.972731332219603,2.1660754771653044,2.53496173103764,1.978456944917268,0.2803604991271173
therapist:convince,positive-past,1.7246620766413998,1.95313939780592,2.07335014459241,2.19834473433534,2.4467208750504903,2.076797440837988,0.18375360040980404
therapist:convince,positive-future,0.21545836630365045,0.61362972340534,0.8299987259255301,1.04352706692194,1.4703612373022021,0.8320114896412049,0.32116581594358934
therapist:convince,negative-past,0.56095984874816,0.9561511644816998,1.1662330379397203,1.373600475195564,1.7805772837691647,1.1660064703792332,0.310035974429958
therapist:convince,negative-future,0.8212398864588502,1.1425386761686847,1.3174150227257124,1.48956742838546,1.8441220220149261,1.3196843850869613,0.25966526634858317
tourist:regret,positive-past,1.48397956156289,1.6994844786244199,1.81031523376812,1.92641398060935,2.14858037869093,1.8132495188354496,0.16920233598325726
tourist:regret,positive-future,-0.4416180618936596,-0.008497971749629851,0.20105535017089005,0.4119687538143997,0.80120960344888,0.19753600766305393,0.3138795974089908
tourist:regret,negative-past,0.59336351788068,0.94160156861709,1.126492150775293,1.324508340956657,1.7138770001042272,1.1348076503032396,0.2848407128070043
tourist:regret,negative-future,0.22874155900990023,0.5615971545567602,0.73901654096084,0.9138094993861503,1.2594036691184098,0.7390566354479212,0.2626630931736464
trainer:persuade,positive-past,-2.6844122877002903,-2.43918151386888,-2.31570459998666,-2.1932424116481997,-1.96823497016498,-2.3178529887115666,0.18193556491036175
trainer:persuade,positive-future,-1.793692647424546,-1.3624798697614202,-1.1506631849780502,-0.9443763442794102,-0.54571348600435,-1.157057608919458,0.3153138621854894
trainer:persuade,negative-past,-1.8834963944467311,-1.4899478358822493,-1.2910995554621643,-1.0903513737621,-0.7255847706645999,-1.292936751409258,0.2954632649594955
trainer:persuade,negative-future,-1.6886270766914522,-1.3340637307102499,-1.149630154550761,-0.9649521284651899,-0.6165986229135401,-1.1508593894210548,0.2733859254939237
travelagent:hope,positive-past,1.6636261989649799,1.88823581073455,2.01111225890706,2.13489234356953,2.3727168761922797,2.0130530068217904,0.18116303154082297
travelagent:hope,positive-future,-0.1719702074347902,0.22009787520038993,0.4340787888995501,0.6616510454283002,1.110850583070824,0.443810929028166,0.3277710603065428
travelagent:hope,negative-past,-0.25907331245536014,0.12954641329921013,0.32299729069235017,0.5136621838195001,0.8790472001306838,0.32055275738425637,0.287307088600624
travelagent:hope,negative-future,0.0864260419212699,0.42837998987163006,0.60238437321704,0.77332237905378,1.1066700578797941,0.6005865412548702,0.2580062851357583
uncle:apologize,positive-past,-2.60171647607361,-2.3535357192696003,-2.23045812183259,-2.11112884983416,-1.8887496746382701,-2.2346363694727107,0.18153867542836657
uncle:apologize,positive-future,-1.293089277273926,-0.85303763649615,-0.63219539099716,-0.41431586375581997,-0.011623465256799914,-0.6374941712805237,0.3280197184888236
uncle:apologize,negative-past,-1.6917191846760231,-1.2945981925256305,-1.09594574221653,-0.9028143356339,-0.5333700769097198,-1.1005171048350093,0.29356887095697715
uncle:apologize,negative-future,-1.581508721384012,-1.227916112908153,-1.0448413161870997,-0.87018843288586,-0.5308429395797298,-1.0497174011318717,0.26784213054812567
waiter:worry,positive-past,-2.5002261332071702,-2.25598185266116,-2.13183984826713,-2.0103047342611102,-1.78697859947289,-2.135544659317612,0.18247335164298092
waiter:worry,positive-future,-0.9980519631968003,-0.5485987314732599,-0.3170426203871497,-0.09054885317422956,0.3300831396313799,-0.32097447731171214,0.34016092686407096
waiter:worry,negative-past,-1.6328507909200813,-1.223386793753751,-1.0165853025657299,-0.8100505713411201,-0.4308880582468204,-1.0188950745716032,0.3059343034710969
waiter:worry,negative-future,-1.5176390693674269,-1.16361024097163,-0.9839110736411892,-0.8063160657627699,-0.46789492039272007,-0.9857157998850118,0.26687676407464683
zookeeper:tell,positive-past,-2.6891060650313596,-2.44870661440173,-2.3251200961246004,-2.20596099757845,-1.97830116867676,-2.327909948031615,0.18183461016562819
zookeeper:tell,positive-future,-2.5910421938808352,-2.180387158873768,-1.9716650601638868,-1.7703098117626381,-1.3881911021322817,-1.9777030304533139,0.3050787004903767
zookeeper:tell,negative-past,-1.8256015263365777,-1.431750676671737,-1.2359511896566397,-1.0363584060381603,-0.6721434631965604,-1.2383824143831896,0.2946662550970237
zookeeper:tell,negative-future,-1.922316159584803,-1.5583664432721949,-1.3700440733743902,-1.1785198654201998,-0.8120202810455803,-1.3689810469347725,0.28264386763537847
